Disease,Symptom
C0162565,C0039239
C0162565,C0000737
C0162565,C0235704
C0162565,C0030554
C0162565,C0030552
C0162565,C0020538
C0162566,C0020555
C0162566,C0005758
C0004238,C0030252
C0004238,C1868917
C0004238,C0392684
C0004238,C0012833
C0004238,C0003467
C0004238,C0857217
C0004238,C0013404
C0004238,C0003467
C0004238,C0032617
C0004238,C0030252
C0004238,C0012833
C0004238,C0039070
C0023212,C0013404
C0023212,C0231807
C0023212,C0085619
C0023212,C0231835
C0023212,C0231912
C0023212,C1956414
C0023212,C0010520
C0023212,C0034063
C0023212,C0032227
C0023212,C0034063
C0023212,C1695782
C0023212,C0920048
C0023212,C0009676
C0023212,C3714552
C0023212,C0015672
C0235527,C0235886
C0235527,C0156195
C0235527,C0019209
C0235527,C0022346
C0235527,C0003962
C0235527,C0027497
C0235527,C0003123
C0018801,C0015672
C0018801,C0028734
C0018801,C0039239
C0018801,C0242073
C0018801,C0013404
C0018801,C0013404
C0018801,C0231835
C0018801,C0085619
C0018801,C1956414
C0018801,C0231912
C0018801,C0034063
C0018801,C0010520
C0018801,C0015672
C0018801,C3714552
C0018801,C0013604
C0018801,C0002871
C0018801,C0003123
C0018801,C1291077
C0018801,C0006625
C0018801,C0033687
C0018801,C0028734
C0018801,C0039239
C0018801,C0018800
C0018801,C0032227
C0007194,C0015672
C0007194,C0030252
C0007194,C0012833
C0007194,C0013404
C0007194,C0002962
C0007196,C0018801
C0007196,C0013404
C0007196,C0039239
C0007196,C0013604
C0007196,C0267821
C0007193,C0030252
C0007193,C0231807
C0007193,C0242073
C0007193,C0034063
C0007193,C0013404
C0007193,C0235532
C0007193,C0026266
C0024790,C1142277
C0024790,C0018681
C0024790,C0020538
C0024790,C0030312
C0024790,C0019080
C0024790,C0002871
C0024790,C0019054
C0024790,C0010828
C0024790,C0018965
C0024790,C0398623
C0024790,C0013404
C0024790,C0002871
C0024790,C0019054
C0024790,C0008031
C0024790,C0027497
C0024790,C0011168
C0024790,C0242350
C0024790,C0004604
C0024790,C0018681
C0024790,C0231528
C0037889,C0002871
C0037889,C0030232
C0037889,C0013404
C0037889,C0039239
C0037889,C0022346
C0037889,C0038002
C0037889,C0947622
C0037889,C0741494
C0037889,C0008350
C1268964,C0002871
C1268964,C3714552
C1268964,C0518656
C1268964,C0030232
C1268964,C0023530
C1268964,C0040034
C1268964,C0031256
C1268964,C0019214
C0947845,C0015967
C0947845,C0015672
C0947845,C0003123
C0947845,C2363736
C0947845,C0013404
C0947845,C0010200
C0947845,C0162323
C0340164,C0015967
C0340164,C0162323
C0340164,C0014743
C0340164,C0456973
C0042171,C0015967
C0042171,C0030583
C0042171,C0042164
C0042171,C0022073
C0042171,C0376175
C0947845,C0859870
C0947845,C0231807
C0947845,C0022073
C0947845,C0014743
C0947845,C0497156
C0947845,C0025309
C0947845,C0547030
C0947845,C0030353
C0947845,C0020255
C0947845,C0018801
C0947845,C0031039
C0947845,C0553702
C0947845,C0034069
C0085278,C0000786
C0085278,C0857794
C0085278,C0149793
C0034155,C0015672
C0034155,C0015967
C0034155,C0040034
C0034155,C0031256
C0034155,C0022660
C0034155,C0003460
C0034155,C0028961
C0034155,C0020538
C0034155,C0019054
C0034155,C0015967
C0034155,C0009676
C0034155,C0036572
C0034155,C1565489
C0034155,C0040034
C0034155,C0221021
C0034155,C0019054
C0020532,C0030312
C0020532,C0002878
C0020532,C0030232
C0020532,C0015672
C0020532,C0023530
C0020532,C0040034
C0020532,C0031256
C0032227,C1260922
C0034063,C0035508
C0034063,C0013404
C0034063,C0010200
C0034063,C0035508
C0034063,C0039239
C0034063,C0010520
C0034063,C3887611
C0032326,C0743323
C0032326,C0010200
C0032326,C0030193
C0032326,C0030193
C0032326,C0013404
C0032326,C0231835
C0877430,C0043144
C0877430,C0239324
C0877430,C0850149
C0877430,C0010201
C0877430,C0013404
C0877430,C0010200
C0877430,C0239324
C0877430,C0039239
C0877430,C0232118
C0877430,C0043144
C0877430,C0014457
C0877430,C0039239
C0877430,C0085615
C0024117,C0010201
C0024117,C0043144
C0024117,C0239324
C0032285,C0015967
C0032285,C0013404
C0032285,C0035508
C0034067,C0013990
C0034067,C0028778
C0034067,C0034072
C0034067,C0013404
C0034067,C0010520
C0034069,C0013404
C0034069,C0009080
C0034069,C0231807
C0034069,C0231835
C0034069,C0015967
C0034069,C0859870
C0034065,C0743323
C0034065,C0039239
C0034065,C0013404
C0034065,C0008031
C0034065,C0003467
C0034065,C0036974
C0034065,C0039070
C0034065,C0231835
C0034065,C0039239
C0034065,C0010520
C0034065,C0010200
C0034065,C0012833
C0034065,C0231835
C0034065,C0013404
C0034065,C0008031
C0034065,C0010200
C0034065,C0015967
C0034065,C0039239
C0034065,C0020649
C0149514,C0035455
C0149514,C0023067
C0149514,C0031350
C0149514,C0010200
C0149514,C0015967
C0149514,C0015672
C0149514,C0018681
C0149514,C0010200
C0149514,C0015967
C0149514,C0018681
C0149514,C0231528
C0006271,C0015967
C0006271,C0231835
C0006271,C0010520
C0006271,C0239324
C0006271,C0010200
C0343528,C0009443
C0343528,C0010200
C0343528,C0242429
C0343528,C0015967
C0343528,C0009676
C0343528,C0012833
C0343528,C0085636
C0343528,C0231528
C0343528,C0018681
C0023241,C0032231
C0023241,C0015967
C0023241,C0035455
C0023241,C0023067
C0023241,C0018681
C0023241,C0009676
C0023241,C0023380
C0023241,C0011991
C0023241,C0850149
C0857946,C0018681
C0857946,C0015967
C0857946,C0013404
C0857946,C0850149
C1535939,C0850149
C1535939,C0231807
C0041296,C2363736
C0041296,C0028081
C0041296,C0015672
C0041296,C0231807
C0041333,C0013428
C0041333,C0018965
C0041333,C0033581
C0041333,C0002453
C0041333,C0025874
C0041333,C0025323
C1740806,C0028081
C1740806,C0043046
C1740806,C0011991
C0027145,C0151908
C0027145,C0019825
C0027145,C1859270
C0027145,C0428977
C0027145,C0018800
C0002390,C0015967
C0002390,C0859870
C0002390,C0013404
C0002390,C0023518
C0002390,C0015672
C0002390,C0015672
C0002390,C0010200
C0002390,C0013404
C0002390,C0010520
C0002390,C2363736
C0002390,C0034069
C0002390,C0023518
C0043167,C0009443
C0043167,C1096446
C0043167,C0024282
C0043167,C0859870
C0043167,C0042963
C0017150,C0011991
C0017150,C0014869
C0017150,C0000737
C0017150,C0038238
C0017150,C0541977
C0017150,C0497194
C0017150,C0011991
C0017150,C0038238
C0085695,C0027497
C0085695,C3714614
C0023788,C0024523
C0023788,C0000737
C0023788,C0011991
C0023788,C0038238
C0023788,C0151435
C0023788,C0003864
C0023788,C0574960
C0023788,C0015967
C0023788,C0151859
C0023788,C0497156
C0023788,C0004134
C0023788,C0151859
C0023788,C0003864
C0023788,C0000737
C0023788,C1291077
C0023788,C0038238
C0023788,C3714745
C0023788,C0011991
C0023788,C0015967
C0023788,C2363736
C0023788,C0231807
C0023788,C0010201
C0023788,C0002962
C0023788,C0013404
C0023788,C0003862
C0023788,C0014118
C0023788,C0162316
C0023788,C0018681
C0023788,C0085632
C0023788,C0242422
C0023788,C0036665
C0023788,C0040264
C0023788,C0015397
C0235950,C0011991
C0235950,C0002170
C0024473,C0151889
C0024473,C0852415
C0024473,C0039621
C0024473,C0003811
C0024473,C0340464
C0032827,C0340464
C0032827,C0151786
C0032827,C0009806
C0032827,C0032617
C0032827,C0085602
C0042842,C0028077
C0042842,C0151908
C0042842,C0854113
C0007570,C0011991
C0007570,C0038238
C0007570,C0016204
C0007570,C0009806
C0007570,C0003123
C0007570,C2363736
C0007570,C0236171
C0007570,C0013604
C0007570,C0038363
C0007570,C0026846
C0007570,C0042847
C0007570,C0016412
C0007570,C0002888
C0007570,C0042880
C0007570,C0013491
C0007570,C0162316
C0007570,C0017672
C0007570,C0030232
C0007570,C0221245
C0007570,C0020598
C0007570,C0039621
C0007570,C0151825
C0007570,C0029456
C0007570,C0027497
C0007570,C0019189
C0007570,C0162323
C0007570,C0011608
C0007570,C3203595
C0007570,C0011991
C0007570,C2363736
C0007570,C0024523
C0007570,C0041834
C0007570,C0162316
C0007570,C0017672
C0007570,C0029456
C0007570,C0019158
C0007570,C0003864
C0007570,C0478120
C0007570,C0011991
C0007570,C0038238
C0007570,C0016204
C0007570,C0009806
C0007570,C0003123
C0007570,C3714745
C0007570,C2363736
C0007570,C0236171
C0007570,C0038363
C0007570,C0026846
C0007570,C0016412
C0007570,C1510471
C0007570,C0162316
C0007570,C0017672
C0007570,C0030232
C0007570,C0221245
C0007570,C0020598
C0007570,C0039621
C0007570,C0151825
C0007570,C0029456
C0007570,C0027497
C0949570,C0033774
C0949570,C0042109
C0949570,C0011615
C0949570,C0013404
C0949570,C0011991
C0949570,C0027497
C0949570,C0042963
C0949570,C0026821
C0949570,C1291077
C0221036,C0401151
C0017155,C0011991
C0017155,C0013604
C0023530,C0038362
C0023530,C0031099
C0023530,C0037199
C0023530,C0029882
C0023530,C0031350
C0023530,C0032285
C0023530,C0242301
C0023530,C0497156
C0023530,C0015967
C0221406,C0018944
C0221406,C0020443
C0221406,C0029456
C0221406,C0026848
C0221406,C0235704
C0221406,C0042755
C0221406,C0020621
C0221406,C0332601
C0221406,C0311277
C0221406,C0020538
C0221406,C0020619
C0221406,C0947912
C0221406,C0019572
C0221406,C0011570
C0020461,C0947912
C0020461,C0852415
C0010068,C0002962
C0010068,C0002962
C0010068,C0003467
C0029456,C0022822
C0029456,C0016658
C0029456,C0004604
C1258215,C0042963
C1258215,C1291077
C1258215,C0000737
C0023890,C0015672
C0023890,C0015672
C0023890,C0015672
C0023890,C0234222
C0023890,C1291077
C0023890,C0027497
C0023890,C2363736
C0023890,C2981158
C0023890,C0242350
C0023890,C0156312
C0023890,C0018418
C0023890,C0002453
C0023890,C0038002
C0023890,C0003962
C0023890,C0239571
C0018378,C0854171
C0018378,C1744601
C0019937,C0026205
C0019937,C0033377
C0019937,C0014306
C0338481,C0036454
C0338481,C0012833
C0338481,C0029089
C0010346,C0574960
C0010346,C0014583
C0010346,C0022568
C0010346,C0392525
C0010346,C0003123
C0010346,C0015967
C0010346,C0027497
C0010346,C0042963
C0010346,C2363736
C0010346,C0015672
C0010346,C0016204
C0010346,C0011991
C0010346,C0014743
C0010346,C0003864
C0010346,C0042164
C0010346,C0042384
C0010346,C0017658
C0010346,C0015695
C0010346,C0002726
C0010346,C0401151
C0010346,C0694551
C0010346,C0079238
C0010346,C0281778
C0010346,C0002871
C0010346,C0221036
C0010346,C0151435
C0010346,C0574960
C0010346,C0003862
C0010346,C0003862
C0010346,C0042164
C0010346,C0022081
C0010346,C0014583
C0010346,C0014743
C0010346,C0085652
C0010346,C0038362
C0026764,C0016663
C0026764,C0236171
C0026764,C0221204
C0026764,C0029456
C0026764,C1565489
C0026764,C0152025
C0026764,C0015672
C0026764,C0013404
C0026764,C0040034
C0026764,C0023530
C0026764,C0020437
C0026764,C0033687
C0026764,C0021038
C0026764,C0002871
C1527249,C2363736
C1527249,C0015967
C1527249,C0948824
C1527249,C0015672
C1527249,C0015672
C1527249,C1321898
C1527249,C1258215
C1527249,C2363736
C1527249,C0015672
C1527249,C0030232
C1527249,C0002871
C0026896,C0026848
C0026896,C0026848
C0026896,C0151786
C0026896,C0036439
C0026896,C0033377
C0026896,C0012569
C0026896,C0011168
C0026896,C0013362
C0026896,C0013404
C0026896,C0376175
C0003873,C0546956
C0003873,C0014745
C0003873,C0162323
C0003873,C0039520
C0003873,C0006444
C0003873,C2363726
C0003873,C0038999
C0003873,C0026846
C0003873,C0015672
C0003873,C0028081
C0003873,C0028081
C0002871,C0015672
C0002871,C0018681
C0002871,C0231807
C0002871,C0039239
C0002871,C0012833
C0039070,C0041657
C0039070,C0012833
C0039070,C0030232
C0026769,C0029134
C0026769,C0016579
C0026769,C0012766
C0026769,C0004134
C0026769,C0085582
C0026769,C0151827
C0026769,C0029124
C0026769,C0012569
C0026769,C0271355
C0026769,C0029089
C0026769,C0028738
C0026769,C0011570
C0026769,C0231687
C0026769,C0004134
C0026769,C0026838
C0026769,C0234376
C0026769,C0028738
C0026769,C0040997
C0026769,C0242350
C0026769,C0235146
C0026769,C0029134
C0026769,C0012766
C0026769,C0012569
C0026769,C0852415
C0026769,C0020580
C0026769,C0852415
C0026769,C0004134
C0026769,C0234376
C0026769,C0028738
C0026769,C0085606
C0026769,C0021167
C0026769,C0080274
C0020621,C1697844
C0020621,C0009806
C0020621,C0035410
C1306557,C0042345
C1306557,C0013604
C1306557,C0852415
C1306557,C0013604
C1306557,C0034150
C1306557,C0019114
C1306557,C0162834
C1306557,C0011644
C1306557,C0406500
C1306557,C1306862
C1306557,C0011620
C1306557,C0033774
C1306557,C0030232
C1306557,C0010520
C0008350,C0027497
C0008350,C0234222
C0008350,C0027497
C0008350,C3714614
C0008350,C0042963
C0008350,C1291077
C0008350,C0027497
C0008350,C0042963
C0008350,C3714614
C0008350,C1291077
C0020550,C0018021
C0020550,C0022107
C0020550,C0917801
C0020550,C0039239
C0020550,C0006370
C0020550,C0038990
C0020550,C0026848
C0020550,C0029456
C0020550,C0015695
C0020550,C0015397
C0020550,C0015300
C0020550,C0039239
C0020550,C3887611
C0020550,C0851578
C0020550,C0003811
C0020550,C0020538
C0020550,C0040822
C0020550,C2363736
C0020550,C0947912
C0020550,C0011991
C0020550,C0002170
C0020550,C3887611
C0020550,C2363736
C0020550,C0020538
C0020550,C0011991
C0025289,C0023518
C0025289,C0007859
C0025289,C0042963
C0025289,C0009676
C0025289,C0015967
C0025289,C0018681
C0025289,C0027497
C0025289,C0151315
C0025289,C0151818
C0025289,C0947927
C0025289,C0085632
C0025289,C0026821
C0025289,C0030353
C0025289,C0085636
C0025289,C0031256
C0025289,C0018681
C0025289,C0015967
C0025289,C0025287
C0025289,C0947927
C0025289,C0004604
C0025289,C0027497
C0022661,C0018681
C0022661,C0009676
C0022661,C0026821
C0022661,C0020461
C0022661,C0034063
C0022661,C0018520
C0022661,C0033774
C0022661,C0002871
C0022661,C0041657
C0022661,C0013604
C0027726,C0003962
C0027726,C0236171
C0027726,C0020538
C0027726,C1565489
C0027726,C0151578
C0027726,C1522133
C0027726,C0020557
C0027726,C0020443
C0027726,C0392178
C0027726,C0013604
C0027726,C0033687
C0041948,C0013144
C0041948,C0002622
C0041948,C1737242
C0041948,C0019521
C0041948,C0006114
C0041948,C0376288
C0041948,C0002418
C0041948,C0003123
C0041948,C0003962
C0041948,C0017152
C0041948,C0038358
C0041948,C0494305
C0041948,C0002453
C0041948,C0242350
C0041948,C0002871
C0041948,C0236171
C0041948,C0031046
C0041948,C2721728
C0041948,C0020538
C0041948,C0034063
C0041948,C0032231
C0041948,C0033774
C0041948,C0002726
C0020676,C0015672
C0020676,C0424230
C0020676,C0030232
C0020676,C0043094
C0020676,C0018800
C0020676,C0020443
C0020676,C0026848
C0020676,C0021359
C0020676,C0011570
C0020676,C0020672
C0020676,C3203358
C0020676,C0020649
C0020676,C0342151
C0020676,C0015672
C0020676,C0151908
C0020676,C0002170
C0020676,C0428977
C0020676,C0027145
C0020676,C0009806
C0020676,C0154251
C0041296,C0010200
C0041296,C0497156
C0041296,C0013404
C0041296,C0015967
C0041296,C0028081
C0041296,C2363736
C0041296,C0232462
C0041296,C2363736
C0041296,C0028081
C0041296,C0015672
C0041296,C0231807
C0235295,C0027497
C0235295,C0232488
C0235295,C0042963
C0020542,C0039239
C0020542,C0012833
C0020542,C0156195
C0020542,C0013404
C0020542,C0010200
C0020542,C0002962
C0020542,C0015672
C0020542,C0013604
C0020542,C0010520
C3495801,C0037199
C3495801,C0029877
C3495801,C0024904
C3495801,C0014583
C3495801,C0003862
C3495801,C0031117
C3495801,C0015967
C3495801,C2363736
C3495801,C0028081
C3495801,C0035455
C3495801,C2609241
C3495801,C0042384
C0020615,C0542247
C0020615,C0038990
C0020615,C0030252
C0020615,C0039239
C0020615,C0006370
C0020615,C0030232
C0020615,C0006370
C0020615,C0027497
C0020615,C0042963
C0020615,C3714552
C0020615,C3887611
C0020615,C0038990
C0020615,C0039239
C0020615,C0040822
C0020615,C0026961
C0020615,C0020538
C0020615,C0231835
C0020615,C0018681
C0020615,C1704374
C0020615,C0022107
C0020615,C0004377
C0020615,C0239779
C0020615,C0012569
C0020615,C0013144
C0011570,C0013415
C0011570,C0011570
C0011570,C0015672
C0003962,C1291077
C0031511,C0020538
C0031511,C0018681
C0031511,C0038990
C0031511,C0030252
C0031511,C0040822
C0031511,C3887611
C0031511,C0000737
C0031511,C0030232
C0031511,C0017979
C0031511,C0023518
C0031511,C2363736
C0031511,C0342952
C0031511,C0042396
C0031511,C0039239
C0031511,C0596624
C0022346,C0023890
C0022346,C0019158
C0017658,C0027726
C0017658,C0033687
C0017658,C0013604
C0017658,C0020476
C0017658,C0020538
C0020649,C0012833
C0020649,C3203485
C0020649,C0039239
C0020649,C0018681
C0020649,C0030232
C0020649,C0040822
C0340643,C0038454
C0340643,C0003460
C0340643,C0030486
C0340643,C0008031
C0340643,C0002962
C0340643,C0004604
C0340643,C0235106
C0340643,C0007177
C0340643,C0036974
C0040425,C0018520
C0040425,C0497156
C0036262,C0033774
C0235527,C0010520
C0235527,C0013604
C0235527,C0003962
C0235527,C0019209
C0235527,C0038002
C0235527,C0032227
C0235527,C0028734
C0854330,C1622418
C0854330,C0022504
C1704272,C0042023
C1704272,C0028734
C0235974,C2363736
C0235974,C0004604
C0235974,C0022346
C0235974,C0152250
C0235974,C0027497
C0235974,C1142277
C0235974,C1168162
C0235974,C0033774
C0235974,C0011991
C0235974,C0038238
C0235974,C0003123
C0235974,C3714614
C0235974,C1291077
C0235974,C2363736
C0235974,C0004604
C0235974,C0271650
C0235974,C0022346
C0235974,C0011991
C0235974,C0038238
C0235974,C2363736
C0235974,C0022346
C0235974,C0000737
C0235974,C0232462
C0235974,C0033774
C0235974,C0003123
C0235974,C2363736
C0235974,C0027497
C0235974,C0022346
C0235974,C0011991
C0235974,C0004604
C0235974,C0033774
C0235974,C0152445
C0011848,C0032617
C0011848,C0085602
C0020437,C0027497
C0020437,C0042963
C0020437,C0009806
C0020437,C0392525
C0020437,C0027709
C0020437,C0032617
C0020437,C0085602
C0020437,C0013144
C0020437,C0009421
C0021345,C0015967
C0021345,C0018520
C0021345,C0031350
C0021345,C0497156
C0021345,C0031157
C0162316,C0033774
C0162316,C3887611
C0162316,C0013404
C0162316,C3714552
C0162316,C0018681
C0162316,C0039239
C0162316,C0231807
C0162316,C0015672
C0162316,C0040264
C0162316,C0015672
C0162316,C0012833
C0162316,C0030252
C0162316,C0851578
C0162316,C0018681
C0852445,C0033774
C0852445,C0038002
C0852445,C0019209
C0852445,C0015967
C0852445,C0028081
C0852445,C2363736
C0852445,C0015672
C0852445,C0497156
C0035012,C0085435
C0035012,C0041976
C0035012,C0009763
C0035012,C0009763
C0035012,C0041976
C0035012,C0003864
C0035012,C0009763
C0035012,C0041976
C0035012,C0003864
C0036974,C0010520
C0036974,C0028961
C0036974,C0231835
C0010674,C0010200
C0010674,C0006267
C0010674,C0013990
C0010674,C0030293
C0010674,C0011991
C0010674,C0006625
C0010674,C1623038
C0010674,C0008350
C0010674,C0021359
C0010674,C2939175
C0010674,C0028778
C0014118,C0015967
C0014118,C0018808
C0014118,C0003123
C0014118,C0018965
C0034734,C0030232
C0034734,C0221347
C0034734,C0022116
C0034734,C0010520
C0034734,C0020452
C0034734,C0030193
C0036341,C1096426
C0036341,C0022492
C0036341,C0233682
C0036341,C0233687
C0036341,C0233686
C0036341,C0233688
C0036341,C0011253
C0036341,C0235146
C0036341,C4049320
C0036341,C0004352
C0036341,C0011551
C0036341,C0233754
C0036341,C0018524
C0036341,C0011253
C0036341,C0007398
C0038525,C0018681
C0038525,C0025287
C0038525,C0947927
C0038525,C0042963
C0038525,C0020649
C0019187,C0015695
C0032461,C1527405
C0032461,C0202113
C0032461,C0702266
C0032461,C0041834
C0032461,C0033774
C0032461,C0014804
C0032461,C0012833
C0032461,C0018681
C0032461,C0015672
C0032461,C0014591
C0032461,C0547030
C0032461,C0020538
C0004943,C0406191
C0004943,C0014743
C0004943,C0042384
C0004943,C0042165
C0004943,C0042167
C0004943,C0003864
C0004943,C0157738
C0004943,C0042384
C0004943,C0038363
C0004943,C0042164
C0011206,C0947927
C0011206,C0233407
C0011206,C0392156
C0011206,C0085631
C0011206,C0018524
C0011206,C0040822
C0011206,C0020538
C0011206,C0039239
C0011206,C0015967
C0020651,C0020649
C0020651,C0012833
C0020651,C0947927
C0011633,C0027121
C0011633,C0015967
C0011633,C0011633
C0011633,C0011168
C0011633,C0027059
C0011633,C0549493
C0011633,C0034069
C0011633,C0003864
C0011633,C0023518
C0011633,C0041834
C0011633,C0085642
C0011633,C0026846
C0011633,C0006664
C0002895,C0242184
C0002895,C0011175
C0002895,C0001122
C0002895,C0019054
C0018995,C0020619
C0018995,C0003862
C0018995,C0023890
C0018995,C0033802
C0018995,C0021359
C0019151,C0009676
C0019151,C0013144
C0019151,C0424230
C0019151,C0851578
C0019151,C0085632
C0019151,C0232766
C0019151,C0239571
C0019151,C0040822
C0019151,C0013144
C0019151,C1142109
C0002726,C0033687
C0002726,C0013604
C0002726,C0031117
C0002726,C0019209
C0002726,C0009677
C0002726,C0003862
C0002726,C0002170
C0035222,C0020578
C0035222,C0002064
C0035222,C0013404
C0035222,C0035229
C0035222,C0020440
C0035222,C0001127
C0035222,C0231835
C0035222,C0013404
C0035222,C0010520
C0035222,C3887611
C0035222,C0009676
C1144799,C0018681
C1144799,C0012833
C1144799,C0014591
C1144799,C0547030
C1144799,C0009676
C1144799,C0013404
C1144799,C0002962
C1144799,C0028961
C0011175,C0085631
C0011175,C0013144
C0011175,C0028961
C0011175,C0020649
C0011175,C0035423
C1384514,C0020538
C1384514,C0020621
C1384514,C0220983
C1384514,C0020538
C1384514,C0020621
C1384514,C0220983
C0034072,C0231807
C0034072,C0039239
C0034072,C0012833
C0034072,C0002962
C0017168,C0234222
C0017168,C1291077
C0017168,C0016204
C0017168,C0011168
C0017168,C2004489
C0017168,C0027497
C0017168,C0042963
C0017168,C0018834
C0017168,C0011168
C0017168,C0002962
C0017168,C0030193
C0017168,C0018834
C0017168,C0234222
C0017168,C2004489
C0033860,C0035339
C0033860,C0239161
C1268964,C0010828
C1268964,C0002871
C1268964,C0236171
C1268964,C0015967
C1268964,C0019087
C1268964,C0038002
C1268964,C0019209
C1268964,C0947757
C1268964,C0427544
C1268964,C1142446
C1268964,C0030312
C1268964,C0858867
C1268964,C0023518
C1268964,C0040034
C1268964,C0023530
C1268964,C0085662
C1268964,C0221281
C1268964,C0333942
C1268964,C0221278
C1145670,C0235106
C1145670,C0947927
C1145670,C1868945
C1145670,C0009080
C1145670,C0851578
C1145670,C0018681
C1145670,C0013404
C1145670,C0010520
C1145670,C3887611
C1145670,C0009676
C1145670,C0039239
C0023212,C0085619
C0023212,C1956414
C0023212,C0034063
C0023212,C0010520
C0023212,C0013404
C0023212,C0010200
C0023212,C0035508
C0023212,C0015672
C0023212,C3887611
C0023212,C0013604
C0549346,C0852415
C0043121,C0152025
C0043121,C0234979
C0043121,C0011168
C0043121,C0013362
C0043121,C0020649
C0019202,C0002871
C0019202,C0040822
C0019202,C0193388
C0012813,C0009806
C0012813,C0011991
C0012813,C0016204
C0012813,C0000737
C0012813,C0015967
C0012813,C0023518
C0012813,C0009806
C0012813,C0015967
C0012813,C0009806
C0012813,C0011991
C0012813,C0016204
C0012813,C0027497
C0012813,C0015967
C0012813,C0009806
C0012813,C0011991
C0012813,C0016204
C0012813,C0027497
C0012813,C0015967
C0012813,C0009806
C0012813,C0011991
C0012813,C0016204
C0012813,C0027497
C0012813,C0015967
C0012813,C0009806
C0012813,C0011991
C0012813,C0016204
C0012813,C0027497
C0012813,C0015967
C0012813,C0009806
C0012813,C0011991
C0012813,C0016204
C0012813,C0027497
C0012813,C0030193
C0012813,C0015967
C0012813,C0009806
C0012813,C0011991
C0012813,C0016204
C0012813,C0027497
C0012813,C0030193
C0012813,C0015967
C0012813,C0009806
C0012813,C0011991
C0012813,C0016204
C0012813,C0027497
C0012813,C0030193
C0012813,C0015967
C0012813,C0009806
C0012813,C0011991
C0012813,C0016204
C0012813,C0027497
C0012813,C0030193
C0012813,C0015967
C0012813,C0009806
C0012813,C0011991
C0012813,C0016204
C0012813,C0027497
C0012813,C0030193
C0012813,C0015967
C0012813,C0009806
C0012813,C0011991
C0012813,C0016204
C0012813,C0027497
C0012813,C0030193
C0012813,C0015967
C0012813,C0015967
C0012813,C0009806
C0012813,C0011991
C0012813,C0016204
C0012813,C0027497
C0012813,C0042963
C0012813,C0009806
C0012813,C0011991
C0012813,C0016204
C0012813,C0027497
C0012813,C0030193
C0012813,C0015967
C0012813,C0009806
C0012813,C0011991
C0012813,C0016204
C0012813,C0027497
C0012813,C0030193
C0012813,C0015967
C0025281,C0042571
C0025281,C0012833
C0025281,C0494562
C0025281,C0040264
C0025281,C0042571
C0025281,C0027497
C0025281,C0042963
C0025281,C0040264
C0024305,C0023530
C0024305,C0202113
C0024305,C1136085
C0024305,C0038002
C0024305,C0019209
C0024305,C0015967
C0024305,C2363736
C0024305,C0028081
C0024305,C0002871
C0024305,C0015672
C0024305,C0015672
C0024305,C0040034
C0024305,C0019087
C0024305,C0031256
C0024305,C0001824
C0024305,C0086438
C0024305,C0236171
C0086543,C0525027
C0086543,C1956311
C0014038,C0015967
C0014038,C0085636
C0014038,C0151818
C0014038,C0947927
C0014038,C0018681
C0024530,C0018681
C0024530,C0038002
C0024530,C0019209
C0024530,C0022346
C0024530,C0027497
C0024530,C0042963
C0024530,C0011991
C0024530,C0002878
C0024530,C0040034
C0024530,C0023530
C0024530,C0020615
C0024530,C0034063
C0024530,C0036974
C0024530,C0035078
C0024530,C0015967
C0024530,C0085593
C0034186,C0027497
C0034186,C0042963
C0034186,C0919671
C0034186,C0018681
C0034186,C0015967
C0034186,C0085593
C0034186,C0013428
C0034186,C0030193
C0034186,C0004604
C0032026,C0040252
C0032026,C0013595
C0032026,C0039128
C0032026,C0033860
C0032026,C0085657
C0017551,C0019054
C0600139,C0478132
C0600139,C0042023
C0600139,C0013428
C0600139,C0028734
C0600139,C0021167
C0600139,C0042023
C0600139,C0028734
C0600139,C0013428
C0600139,C0018965
C0600139,C0149707
C0600139,C0015672
C0600139,C0015672
C0600139,C0002871
C0013080,C0009677
C0013080,C0265610
C0019158,C0234233
C0019158,C0011991
C0019158,C0003862
C0019158,C0015230
C0019158,C0015672
C0019158,C0003123
C0019158,C0027497
C0001824,C0015967
C0001824,C0031157
C0001824,C0038363
C0155502,C0028738
C0155502,C0027497
C0155502,C0042571
C0155502,C0042571
C0155502,C0028738
C0155502,C0027497
C0155502,C1739421
C0155502,C0027497
C0155502,C0240595
C0023434,C0015967
C0023434,C2363736
C0023434,C0236171
C0023434,C0040034
C0023434,C0002871
C0023434,C0001824
C0023434,C0026470
C0023434,C0023518
C0023434,C0019209
C0023434,C0042109
C0023434,C0034150
C0023434,C0497156
C0023434,C0015672
C0023434,C0028081
C0023434,C0038002
C0023434,C0033774
C0023434,C0263338
C0023434,C0854330
C0023434,C0026946
C0003504,C0002962
C0003504,C0030252
C0003504,C0013404
C0003504,C3887611
C0003504,C0030252
C0003504,C0038218
C0003504,C0023212
C0149931,C0236018
C0149931,C0085636
C0149931,C0027497
C0149931,C2363911
C0149931,C0003123
C0149931,C0018681
C0149931,C0751466
C0149931,C0085636
C0149931,C0042963
C0149931,C0027497
C0149931,C0012833
C0149931,C0003537
C0007787,C0547030
C0007787,C0260662
C0007787,C0852418
C0023473,C0023518
C0023473,C0038002
C0023473,C0005699
C0023473,C0023518
C0023473,C0038002
C0023473,C0015672
C0023473,C0015672
C0023473,C0028081
C0023473,C0920063
C0006267,C0010200
C0006267,C0024110
C0024141,C0015967
C0024141,C2363736
C0024141,C0497156
C0024141,C0027121
C0024141,C0162323
C0024141,C0221244
C0024141,C0002170
C0024141,C0085636
C0024141,C0027059
C0024141,C0031046
C0024141,C0032231
C0024141,C0024143
C0024141,C0011570
C0024141,C0002880
C0024141,C0040034
C0024141,C0023530
C0024141,C0015967
C0024141,C0015672
C0024141,C2363736
C0024141,C0003862
C0024141,C0003864
C0024141,C0085636
C0024141,C0221201
C0024141,C0235499
C0024141,C0852968
C0024141,C0002170
C0024141,C0033975
C0024141,C0018681
C0024141,C0032231
C0024141,C0031046
C0024141,C0033687
C0024141,C0024143
C0024141,C0027497
C0024141,C0011991
C0024141,C0007971
C0024141,C0014868
C0024141,C0019158
C0024141,C0009763
C0040127,C0039239
C0040127,C0015967
C0040127,C0016382
C0040127,C0027497
C0040127,C0042963
C0040127,C0011991
C0040127,C0040822
C0040127,C4082299
C0040127,C0011175
C1527311,C0018681
C1527311,C0027497
C1527311,C0012833
C0019112,C0281778
C0019112,C0002871
C0019112,C0016167
C0019112,C2363872
C0019112,C0033775
C0019112,C0034888
C0019112,C0009402
C0038358,C1291077
C0038358,C0027497
C0038358,C0003123
C0038358,C2363736
C0221757,C0010200
C0221757,C0013404
C0221757,C0001883
C0221757,C0034067
C0221757,C0022354
C0221757,C0438237
C0221757,C0019209
C0010481,C0332601
C0010481,C0311277
C0010481,C0947912
C0010481,C0020538
C0010481,C0020621
C0010481,C0020488
C0010481,C0546817
C0010481,C0019572
C0010481,C0029456
C0010481,C0020538
C0010481,C0020621
C0010481,C0020488
C0029925,C0478132
C0029925,C1291077
C0029925,C3714614
C0029925,C0003962
C0029925,C0013390
C0029925,C2363736
C0029925,C0015672
C0029925,C0478120
C0029925,C0478132
C0029925,C0016205
C0029925,C3714614
C0029925,C0003962
C0029925,C0013390
C0029925,C2363736
C0029925,C0015672
C0029925,C0006625
C0002874,C0030312
C0002874,C0027947
C0002874,C0030232
C0002874,C0013404
C0002874,C0014591
C0002874,C0040034
C0002874,C0002871
C0002874,C2609241
C0002874,C0017574
C0002874,C0032285
C0002874,C0243026
C0002874,C0018944
C0002874,C0001824
C0002874,C0031256
C0002874,C0425945
C0002874,C0002871
C0002874,C0149745
C0002874,C0017574
C0002874,C0040425
C0002874,C0032285
C0002874,C0007642
C0002874,C0023531
C0002874,C0023890
C0002874,C0034069
C0018081,C0041976
C0018081,C0007860
C0018081,C0004769
C0018081,C0033774
C0018081,C0033246
C0018081,C0042384
C0018081,C0003864
C0039232,C0020649
C0039232,C0012833
C0039232,C0039239
C0039232,C0039239
C0008049,C0015230
C0008049,C0015967
C0008049,C0018681
C0008049,C0033774
C0006285,C0010200
C0006285,C0015967
C0221069,C0030193
C0221069,C0028738
C0221069,C0547030
C0221069,C0040264
C0221069,C0012766
C0221069,C0027497
C0221069,C0007758
C0022972,C0033377
C0022972,C0009806
C0016053,C0020458
C0016053,C0040822
C0016053,C0423600
C0007398,C0085628
C0007398,C0233612
C0007398,C0026884
C0007398,C0013528
C0021141,C0003123
C0021141,C0026821
C0021141,C0240735
C0021141,C0085628
C0021141,C0020625
C0021141,C0027497
C0021141,C0042963
C0021141,C0018681
C0021141,C0232462
C0021141,C0022107
C0042974,C0014591
C0042974,C0040440
C0042974,C0025323
C0042974,C0018924
C0023176,C0544864
C0023176,C0152025
C0023176,C0085584
C0302592,C0025874
C0302592,C0016330
C0302592,C0030193
C1306571,C0239571
C1306571,C0040822
C1306571,C0009421
C1306571,C0020649
C1306571,C0020578
C1306571,C0033774
C0012546,C0012556
C0012546,C0015967
C0012546,C0042963
C0012546,C0010200
C0012546,C0027059
C0012546,C0032541
C0012546,C0032285
C0001206,C0009677
C0001206,C0018681
C0001206,C0020538
C0001206,C0020458
C0001206,C0020555
C0001206,C0003862
C0001206,C0020580
C0001206,C0547030
C0085278,C0456909
C0085278,C0494562
C0085278,C0036572
C0085278,C0149931
C0085278,C0238457
C0085278,C0033687
C0085278,C0020538
C0085278,C0040034
C0085278,C0019054
C0085278,C0002871
C0085278,C0019080
C0085278,C0034734
C0085278,C0085642
C0085278,C0027051
C0085278,C0013922
C0085278,C0038454
C0085278,C0000809
C0020428,C0020538
C0020428,C0020621
C0020428,C0220983
C0003864,C0043251
C0003864,C0035243
C0007115,C0011168
C0007115,C0013404
C0007115,C0010200
C0151945,C0234233
C0151945,C0547030
C0151945,C0030193
C0151945,C0013604
C0151945,C0014544
C0151945,C0018681
C0151945,C0027497
C0151945,C0547030
C0151945,C0015967
C0151945,C0023518
C0151945,C0751495
C0151945,C0271355
C0151945,C0030353
C0542142,C0013404
C0542142,C0038450
C0007134,C0018965
C0007134,C0042341
C0007134,C0020437
C0007134,C0020538
C0007134,C1868945
C0007134,C0016199
C0007134,C2363736
C0007134,C0015672
C0007134,C0015967
C0007134,C0002871
C0451641,C0042963
C0451641,C0919671
C0451641,C0018965
C0451641,C0239937
C0451641,C0152169
C0451641,C0027497
C0021400,C0010200
C0021400,C0015967
C0021400,C0011168
C0021400,C0018681
C0021400,C0085593
C0520764,C1963891
C0520764,C0031154
C0520764,C0016479
C0520764,C0520459
C0520764,C0006057
C0520764,C0039614
C0520764,C1257843
C0035400,C0042963
C0035400,C0020615
C0035400,C0085584
C0035400,C0042963
C0035400,C0013144
C0035400,C0023380
C0035400,C0086565
C0032708,C0235704
C0032708,C0152025
C0032708,C0852415
C0032708,C0000737
C0032708,C0027497
C0032708,C0026821
C0032708,C1697844
C0032708,C0852553
C0032708,C0039239
C0032708,C0020538
C0376175,C0221328
C0376175,C0224176
C0026691,C0038362
C0026691,C0014745
C0026691,C0015967
C0026691,C0497156
C0026691,C0015230
C0026691,C0014034
C0026691,C0241262
C0026691,C0009763
C0011881,C0001925
C0011881,C0020473
C0036285,C0011168
C0036285,C0010200
C0036285,C0042963
C0036285,C0018681
C0036285,C0031350
C0036285,C0031157
C0036285,C0014034
C0036285,C0241262
C0036285,C0015230
C0036285,C0030232
C0036285,C0015967
C0036285,C0027497
C0036285,C0040425
C0017152,C0000737
C0017152,C3714614
C0017152,C0027497
C0017152,C0042963
C0017152,C0232462
C0264558,C0039239
C0264558,C0013404
C0264558,C0020649
C0264558,C0010520
C0264558,C0242184
C0264558,C0036974
C0008373,C0013456
C0008373,C0018777
C0008373,C0018681
C0008373,C0015967
C0031046,C0002962
C0031046,C0024282
C0020258,C0575081
C0020258,C0042024
C0020258,C1112468
C0020258,C0042024
C0152018,C0011168
C0152018,C2363736
C0152018,C0030193
C0152018,C0025222
C0152018,C0018926
C0152018,C2004489
C0152018,C0042963
C0152018,C0267072
C0152018,C0004604
C0152018,C0003123
C0152018,C0019825
C0152018,C2004489
C0152018,C0011168
C0152018,C0002962
C0152018,C0037036
C0152018,C0037036
C0152018,C0019825
C0152018,C0011168
C2239176,C0155773
C2239176,C0234233
C2239176,C0013911
C2239176,C0003962
C2239176,C0015967
C2239176,C1868945
C0040028,C0547030
C0040028,C0018681
C0040028,C0012833
C0040028,C0040264
C0040028,C0028081
C0040028,C0014591
C0040028,C0017565
C0040028,C0018944
C0040028,C0852415
C0040028,C0014804
C0040028,C0014804
C0040028,C0012833
C0040028,C0018681
C0040028,C0547030
C0040028,C0019087
C0040028,C0038002
C0040028,C0740394
C0040028,C0023518
C0751761,C0026635
C0751761,C0018777
C0751761,C0037384
C0751761,C0010200
C0008677,C0004339
C0153633,C0018681
C0153633,C0027497
C0153633,C0042963
C0153633,C0036572
C0153633,C0030353
C0038531,C0012833
C0038531,C0041657
C0038531,C0547030
C0038531,C0040264
C0038531,C0012766
C0038531,C0007758
C0038531,C0852415
C0038531,C0030193
C0038531,C0030232
C0027059,C0015672
C0027059,C0015967
C0027059,C0011991
C0027059,C0010200
C0027059,C0015230
C0027059,C0008031
C0027059,C0030252
C0021807,C0085624
C0021807,C0033774
C0008311,C0030193
C0008311,C0022346
C0008311,C0015967
C0008311,C0015967
C0008311,C0022346
C0566602,C0022346
C0566602,C0015672
C0566602,C0015672
C0566602,C0019209
C0566602,C0038002
C0566602,C0033774
C0566602,C0008370
C0024586,C0038218
C0024586,C0016382
C0024586,C0011991
C0852437,C0023518
C0852437,C0702266
C0852437,C0038002
C0852437,C0016059
C0852437,C0005699
C0149518,C0030193
C0149518,C0042963
C0149518,C0025222
C0149518,C0085577
C0149518,C0027497
C0149518,C3714614
C0149518,C0014724
C0149518,C1291077
C0035579,C0392452
C0035579,C0426824
C0035579,C0039621
C0035579,C0036572
C0035579,C0011334
C3888977,C0025323
C3888977,C0025874
C3888977,C0005682
C3888977,C0000727
C3888977,C0002871
C3888977,C0021359
C0023467,C0015672
C0023467,C0015967
C0023467,C0028081
C0023467,C0236171
C0023467,C0031256
C0023467,C0002871
C0029882,C0013456
C0029882,C0018777
C0029882,C0029883
C0006107,C0042384
C0006107,C0018681
C0006107,C0012833
C0014869,C0011168
C0014869,C0002962
C0010692,C0013428
C0010692,C0028734
C0010692,C0042023
C1510475,C0019080
C1510475,C0549099
C1510475,C0031154
C0376175,C0086625
C0376175,C0037822
C0376175,C0260662
C0011119,C0030193
C0011119,C0520546
C0011119,C0013604
C0011119,C0012766
C0011119,C0494562
C0011119,C0456909
C0011119,C0041657
C0011119,C0162297
C0752347,C0018524
C0752347,C0920048
C0752347,C0478875
C0149801,C0085593
C0149801,C0015967
C0149801,C0039239
C0149801,C0231835
C0149801,C0020649
C0149801,C0010520
C0149801,C0028961
C0043019,C1527344
C0043019,C0013362
C0043019,C0020580
C0043019,C1384666
C0558355,C0011168
C0558355,C0019825
C0558355,C0018520
C0206702,C0022346
C0206702,C0033774
C0206702,C0038238
C0024225,C0231218
C0024225,C0015967
C0024225,C0085593
C0024225,C0039239
C0030920,C3714614
C0030920,C0027497
C0030920,C0042963
C0030920,C2363736
C0030920,C0003123
C0030920,C0014724
C0030920,C2363736
C0030920,C0003123
C0030920,C0027497
C0030920,C3714614
C0030920,C0042963
C0017601,C0151827
C0017601,C0042963
C0017601,C0456909
C0017601,C0034941
C0017601,C0018681
C0017601,C0235267
C0017601,C0042963
C0017601,C0027497
C3495928,C0085636
C3495928,C0423602
C0949690,C0574960
C0949690,C0242490
C0949690,C0022081
C0949690,C0004604
C0949690,C0022081
C0949690,C0022073
C0003492,C0018681
C0003492,C0014591
C0003492,C0012833
C0003492,C0040264
C0003492,C0010520
C0003492,C0019214
C0152032,C0003460
C0152032,C0375553
C0027849,C0015967
C0027849,C0201973
C0030353,C0018681
C0030353,C0547030
C0030353,C0029124
C0392549,C0013384
C0035305,C0016242
C0035305,C0036454
C0041976,C0033774
C0019069,C0018944
C0019069,C0014591
C0019069,C0025323
C0017205,C0151825
C0017205,C0019087
C0017205,C0025323
C0017205,C0014591
C0017205,C0852361
C0017205,C0025874
C0017205,C0017565
C0017205,C0236171
C0017205,C0013404
C0017205,C0015934
C1704436,C0030193
C1704436,C0036974
C1704436,C0852415
C0035410,C0231528
C0035410,C0947912
C0035410,C0015967
C0035410,C0027497
C0035410,C0027080
C0035410,C0020461
C0035410,C0740394
C0035920,C0025007
C0035920,C0015231
C0035920,C0015230
C0023449,C0015967
C0023449,C0028081
C0023449,C0026946
C0023449,C0040034
C0023449,C0497156
C0023449,C0038002
C0023449,C0002871
C0023449,C0236171
C0023449,C0015672
C0023449,C0019214
C0014752,C0006840
C0014752,C0011616
C0014752,C0033860
C0014752,C0036508
C0014752,C0040252
C0028734,C0010692
C0028734,C0042024
C0028734,C0018801
C0028734,C1704272
C0028734,C1565489
C0028734,C0032961
C0028734,C0012798
C0948968,C0038002
C0002390,C0018681
C0002390,C0085593
C0002390,C0015672
C0002390,C2363736
C0002390,C0015967
C0002390,C0010200
C0002390,C0013404
C0002390,C0231835
C0003550,C0234488
C0024904,C0013456
C0024904,C0018777
C0024904,C0015967
C0024904,C0155540
C0039621,C0852415
C0259756,C0015967
C0259756,C0018681
C0259756,C0003862
C0259756,C0015230
C1258104,C0013604
C1258104,C0026846
C1258104,C0085616
C1258104,C0030232
C1258104,C0150988
C1258104,C0026034
C1258104,C0235499
C1258104,C0231528
C1258104,C0027121
C1258104,C0021847
C1258104,C0549493
C1258104,C0034069
C1258104,C0027059
C1258104,C0151654
C1258104,C0031046
C1258104,C0020538
C1258104,C0035085
C1258104,C0155765
C1258104,C0478124
C1258104,C0003864
C0030436,C0033860
C0030436,C0013595
C0087031,C0231528
C0087031,C0003862
C0087031,C0011168
C0087031,C0038002
C0087031,C0151859
C0087031,C0497156
C0087031,C0015230
C0087031,C0015967
C0087031,C0497156
C0087031,C0015230
C0087031,C0277799
C0087031,C0036749
C0087031,C0031046
C0087031,C0495672
C0087031,C0495673
C0087031,C0235999
C0087031,C0743912
C0175702,C1141969
C0023241,C0085593
C0023241,C0231528
C0023241,C0010200
C0023241,C0008031
C0023241,C0032285
C0023241,C0032231
C0023241,C0015967
C0023241,C0035455
C0023241,C0023067
C0023241,C0018681
C0023241,C0009676
C0023241,C0011991
C0340164,C0014743
C0340164,C0003864
C0020305,C0003962
C0020305,C0032227
C0020305,C0020224
C0007194,C0085612
C0007194,C0042514
C0007194,C0012833
C0007194,C0039070
C0007194,C0013404
C0007194,C0002962
C0553720,C0002871
C0553720,C0038002
C0553720,C0235983
C0553720,C0206160
C0553720,C0741494
C0017920,C0236171
C0002895,C0002878
C0002895,C0035085
C0002895,C0038454
C0002895,C0575805
C0002895,C0019214
C0002895,C0236171
C0002895,C0029443
C0002895,C0243026
C0002895,C0029456
C0002895,C0018965
C0002895,C1565489
C0002874,C0002871
C0002874,C0001824
C0002874,C0040034
C0002874,C0030232
C0002874,C0013404
C0002874,C0015672
C0002874,C0236171
C0002874,C0015967
C0002874,C0026946
C0002874,C0031256
C0002874,C0017565
C0002874,C0014591
C0023443,C0030312
C0023443,C0038002
C0023443,C0236171
C0036920,C0497156
C0036920,C0033774
C0036920,C0011606
C0036920,C0870082
C0036920,C0002170
C0036920,C0221260
C0085669,C0015672
C0085669,C0015967
C0085669,C0028081
C0085669,C0001824
C0085669,C0026946
C0085669,C0002871
C0085669,C0030232
C0085669,C0013404
C0085669,C0015672
C0085669,C0040034
C0085669,C0012739
C0085669,C0497156
C0085669,C0038002
C0085669,C0017574
C0085669,C0948840
C0085669,C0920063
C0002986,C1706559
C0002986,C0011991
C0002986,C0009806
C0002986,C0040264
C0002986,C0494562
C0002986,C0007787
C0002986,C0038454
C0020532,C0038002
C0020532,C0010828
C0020532,C0005959
C0398650,C0031256
C0398650,C0014591
C0398650,C0025323
C0014121,C0015967
C0014121,C0039239
C0014121,C0085593
C0014121,C3714552
C0014121,C0003123
C0014121,C2363736
C0014121,C0038990
C0014121,C0003862
C0014121,C0018808
C0014121,C0018801
C0014121,C0034063
C0014121,C1142004
C0014121,C0023211
C0014121,C0264686
C0014121,C0031039
C0014121,C0031256
C0014121,C0042384
C0014121,C0009080
C0014121,C0149651
C0014121,C0018989
C0014121,C0018965
C0014121,C0027697
C0014121,C0035085
C0014121,C0038002
C0014121,C0002871
C0014121,C0023518
C0014121,C0040034
C0035436,C0015967
C0035436,C0018681
C0035436,C0038990
C0035436,C0162323
C0035436,C0234906
C0035436,C0041834
C0035436,C0014743
C0035436,C0027059
C0035436,C0031046
C0035436,C0030270
C0026269,C0004238
C0026269,C0013922
C0026269,C0242073
C0026269,C0020542
C0026269,C0231807
C0026269,C0010200
C0026269,C1956414
C0026269,C0156195
C0026269,C0033687
C0026269,C0013604
C0026269,C0015672
C0026269,C0010520
C0026269,C0332610
C0026269,C0013404
C0026269,C0010200
C0026269,C0004238
C0026269,C0003811
C0026266,C0013404
C0026266,C0030252
C0026266,C0231912
C0026266,C0034063
C0026266,C0036980
C0026267,C0151636
C0026267,C0039239
C0026267,C0039070
C0026267,C0015672
C0026267,C0015672
C0026267,C0003467
C0003507,C0013404
C0003507,C0002962
C0003507,C0012833
C0003507,C0039070
C0003507,C0015672
C0003507,C0857087
C0003507,C0002962
C0003504,C0015672
C0003504,C0039070
C1956257,C0015672
C1956257,C0013404
C1956257,C0018801
C1956257,C0002962
C1956257,C0012833
C1956257,C0039070
C0018817,C0015672
C0018817,C0015672
C0018817,C0231807
C0018817,C0030252
C0018817,C0002962
C0018817,C0038454
C0018817,C0235527
C0018818,C0424605
C0018818,C0231807
C0018818,C0948783
C0018818,C0030252
C0018818,C0018801
C0018818,C0010520
C0018818,C0013404
C0018818,C0015672
C0018818,C0235527
C0018818,C0039070
C0018818,C0149651
C0018818,C0009080
C0018818,C0020649
C0013481,C0013404
C0013481,C0015672
C0013481,C0002962
C0013481,C0030252
C0013481,C0010520
C0013481,C0019209
C0039685,C0013404
C0039685,C0857375
C0039685,C0015672
C0039685,C0424605
C0039685,C0235527
C0024796,C0158731
C0024796,C0016842
C0024796,C0016202
C0024796,C0032326
C0024796,C0409495
C0024796,C0036439
C0024796,C0022821
C0024796,C0221358
C0024796,C0014306
C0024796,C3494422
C0024796,C0152459
C0024796,C0027092
C0024796,C0026267
C0024796,C0158731
C0024796,C0016842
C0024796,C0036439
C0024796,C0003486
C0024796,C0265004
C0024796,C0003706
C0024796,C0392477
C0024796,C0026266
C0151595,C0027497
C0151595,C0011991
C0151595,C0547030
C0151595,C0085610
C0151595,C0030587
C0151595,C0340464
C0151595,C0235477
C0151595,C0264886
C0007193,C0023212
C0007193,C0231807
C0041234,C0015967
C0041234,C0015672
C0041234,C0038002
C0041234,C0019209
C0041234,C0019214
C0041234,C0497156
C0041234,C0027059
C0041234,C0085298
C0041234,C0192389
C0041234,C0018800
C0041234,C0025164
C0041234,C0025160
C0007177,C1168392
C0007177,C0232118
C0007177,C0231807
C0007177,C0020649
C0007177,C0232118
C0007177,C0039239
C0265144,C1168392
C0265144,C0232118
C0265144,C0019209
C0265144,C0013604
C0265144,C0020532
C0265144,C0600177
C0265144,C0231807
C0265144,C0232118
C0027051,C0002962
C0027051,C3714552
C0027051,C0003467
C0027051,C0038990
C0027051,C0027497
C0027051,C0042963
C0027051,C0042514
C0027051,C0042510
C0027051,C0020649
C0027051,C0002962
C0024117,C0010200
C0024117,C0231807
C0032269,C0032285
C0032269,C0025289
C0032269,C0029882
C0032269,C0037199
C0032269,C0009763
C0032269,C0010043
C0026936,C0040586
C0026936,C0206061
C0026936,C0032285
C1096584,C0031350
C1096584,C0037199
C1096584,C0006277
C0029291,C0032285
C0029291,C0085593
C0029291,C0015967
C0029291,C0231528
C0029291,C0018681
C0029291,C0014591
C0029291,C0010200
C0029291,C0015230
C0029291,C0038002
C0034362,C0015967
C0034362,C0018681
C0034362,C0032285
C0034362,C0085593
C0034362,C0231528
C0034362,C0003862
C0034362,C0850149
C0034362,C0015230
C0034362,C0002962
C0003175,C0006285
C0003175,C0015967
C0003175,C0085593
C0003175,C0010200
C0003175,C0242184
C0035235,C0009443
C0035235,C0031350
C0035235,C0040586
C0035235,C0043167
C0035235,C0032285
C1535939,C0013404
C1535939,C0231835
C1535939,C0010200
C1535939,C0015967
C0085740,C0006266
C0085740,C0392315
C0085740,C0010520
C0085740,C0013404
C0085740,C0039239
C0085740,C0020649
C0037116,C0231807
C0037116,C0159054
C0007121,C0010200
C0007121,C0013404
C0007121,C0008031
C0007121,C0542142
C0007121,C0427855
C0007121,C0344306
C0007121,C0014306
C0007121,C0085655
C0007121,C0011633
C0007121,C0836924
C0007121,C0263661
C0007121,C0009080
C0007121,C0149651
C0007121,C0003862
C0007121,C0013404
C0007121,C0010200
C0007121,C0038450
C0007121,C0019079
C0007121,C0011168
C0007121,C2363736
C0007121,C0010200
C0007121,C0008031
C0007121,C2363736
C0007121,C0010201
C0007121,C0013404
C0007121,C0006625
C0007121,C0149651
C0007121,C0009080
C0007121,C0011168
C0007121,C0019825
C0007121,C0008031
C0007121,C2363736
C0007121,C0010200
C0007121,C0239134
C0007121,C0013404
C0007121,C2363736
C0007121,C0008031
C0036202,C0003864
C0036202,C0014743
C0036202,C0015967
C0036202,C0010200
C1321756,C0011168
C1321756,C2004489
C1321756,C0018520
C1321756,C3714614
C0014854,C0234233
C0014854,C0011168
C0014854,C2004489
C0014854,C0018520
C0014854,C0267072
C0014854,C2004489
C0014854,C0700198
C0014854,C0018520
C0024623,C0027497
C0024623,C0003123
C0024623,C0013395
C0024623,C0019209
C0024623,C0022346
C0024623,C0017181
C0024623,C0003962
C0024623,C2363736
C0024623,C0027497
C0024623,C0234222
C0024623,C0015672
C0024623,C1391732
C0024623,C0011168
C0024623,C0013395
C0024623,C0042963
C0024623,C0232462
C0024623,C2363736
C0016470,C0042109
C0016470,C0033774
C0016470,C0015230
C0016470,C0023052
C0016470,C0038218
C0016470,C0035455
C0016470,C0009443
C0016470,C0027429
C0016470,C0039239
C0016470,C0020649
C0302858,C0011991
C0302858,C0038238
C0302858,C2363736
C0302858,C0024523
C0302858,C0013604
C0302858,C0032227
C0302858,C0003962
C0302858,C0024312
C0009324,C0011991
C0009324,C0002871
C0009324,C0000737
C0009324,C0015967
C0400821,C0011991
C0400821,C2363736
C0400821,C0000737
C0400821,C0027497
C0400821,C1291077
C0022104,C0030193
C0022104,C0234222
C0022104,C3714614
C0022104,C0159060
C0022104,C1291077
C0022104,C0016204
C0022104,C0009806
C0022104,C0011991
C0022104,C0221512
C0001339,C0000737
C0001339,C0027497
C0001339,C0042963
C0001339,C1291077
C0001339,C0003962
C0001339,C0015967
C0001339,C0020649
C0001339,C0032227
C0001339,C0022346
C0001339,C0016382
C0001339,C0919671
C0149521,C0027497
C0149521,C0042963
C0149521,C2363736
C0149521,C1291077
C0149521,C0011991
C0149521,C0022346
C0206695,C0016382
C0206695,C0600142
C0206695,C0016382
C0206695,C0010520
C0206695,C0039239
C0206695,C0038990
C0206695,C0919671
C0206695,C0011991
C0206695,C2363736
C0206695,C0553980
C0206695,C0040961
C0206695,C0038218
C0206695,C0235499
C0206695,C0478124
C0021670,C0038990
C0021670,C0016382
C0021670,C0030252
C0021670,C0039239
C0021670,C0542247
C0021670,C0003467
C0021670,C0006370
C0021670,C0027497
C0021670,C0547030
C0021670,C0012833
C0021670,C0018681
C0021670,C0009676
C0021670,C0852415
C0021670,C0018991
C0021670,C0003537
C0021670,C0043094
C0086768,C0011991
C0086768,C0020621
C0086768,C0079581
C0086768,C2363736
C0086768,C0009676
C0019189,C0015672
C0019189,C0003123
C0019189,C0234233
C0019189,C0003862
C0019189,C0022346
C0019189,C0019209
C0019189,C0020532
C0019189,C0019214
C0019189,C0240773
C0019189,C0085666
C0019189,C0033774
C0019189,C0151514
C0019189,C0235499
C0019189,C0013312
C0019189,C0002453
C0019189,C0020678
C0019189,C0156312
C0019189,C0018418
C0023896,C0019209
C0023896,C0038002
C0023896,C0003123
C0023896,C0027497
C0023896,C2363736
C0023896,C0022346
C0023896,C0015967
C0162557,C0947927
C0162557,C0013144
C0162557,C0009421
C0162557,C0022346
C0162557,C0239571
C0162557,C0019087
C0162557,C0020649
C0162557,C0020578
C3805004,C0239937
C3805004,C0013604
C3805004,C0020538
C3805004,C0018965
C3805004,C0542571
C3805004,C0018681
C3805004,C0015967
C3805004,C0014544
C3805004,C0013144
C3805004,C0013404
C3805004,C0034063
C3805004,C0018965
C3805004,C1963913
C3805004,C0033687
C0451728,C0030232
C0451728,C0020538
C0451728,C0033687
C0451728,C0027726
C0451728,C1565489
C0451728,C0151701
C3805154,C0151825
C3805154,C0947912
C0027708,C0000737
C0027708,C0003123
C0027708,C0042963
C0027708,C0042963
C0027708,C0015967
C0027708,C0018965
C0020538,C0008031
C0020538,C0392680
C0020538,C0012833
C0020538,C0004093
C0020538,C0085639
C0020538,C0039070
C0020538,C0042571
C0020538,C0038990
C0020538,C0030252
C0020538,C0027497
C0020538,C0002962
C0020538,C0438716
C0011847,C0032617
C0011847,C0085602
C0011847,C0392680
C0011847,C0008031
C0011847,C0004093
C0011847,C0027497
C0011847,C0085619
C0011847,C0034642
C0011847,C0038990
C0011847,C0241526
C0011847,C0856054
C0011847,C0042571
C0011847,C0042963
C0011847,C0553668
C0011570,C0424000
C0011570,C0438696
C0011570,C0233762
C0011570,C0150041
C0011570,C0424109
C0011570,C0917801
C0011570,C0424230
C0011570,C0022107
C0011570,C0312422
C0011570,C0344315
C0011570,C0233763
C0011570,C0233481
C0011570,C0085631
C0011570,C0040822
C0011570,C0728899
C0011570,C0424068
C0011570,C0455769
C0011570,C1299586
C0011570,C0028084
C0011570,C0235198
C0011570,C0237154
C0010054,C0008031
C0010054,C0002962
C0010054,C0392680
C0010054,C0086439
C0010054,C0038990
C0010054,C0438716
C0010054,C0231807
C0010054,C0085619
C0010054,C0232292
C0032285,C0010200
C0032285,C0015967
C0032285,C0029053
C0032285,C0392680
C0032285,C0034642
C0032285,C0239134
C0032285,C0008033
C0032285,C0457096
C0032285,C0238844
C0032285,C0085593
C0032285,C0035508
C0032285,C0457097
C0032285,C0850149
C0032285,C0043144
C0032285,C0019079
C0032285,C0476273
C0032285,C0231835
C0032285,C0231218
C0032285,C0028081
C0018802,C0392680
C0018802,C0085619
C0018802,C0240100
C0018802,C0034642
C0018802,C0013404
C0018802,C0010200
C0018802,C0043144
C0038454,C0013362
C0038454,C0004093
C0038454,C0234518
C0038454,C0427055
C0038454,C0018991
C0038454,C0241526
C0038454,C0036572
C0038454,C0028643
C0004096,C0043144
C0004096,C0010200
C0004096,C0392680
C0004096,C0232292
C0004096,C0850149
C0004096,C0008033
C0004096,C0239134
C0004096,C0436331
C0004096,C0476273
C0027051,C0008031
C0027051,C0520886
C0027051,C0038990
C0027051,C0392680
C0027051,C0520887
C0027051,C0086439
C0027051,C0002962
C0027051,C0438716
C0027051,C0520888
C0027051,C0085619
C0027051,C0034642
C0027051,C0232292
C0027051,C1305739
C0027051,C0030252
C0027051,C0013404
C0027051,C0235710
C0027051,C0428977
C0027051,C0039070
C0020443,C0030193
C0020443,C0008031
C0020443,C0038990
C0020443,C0337672
C0020443,C0438716
C0020443,C0039070
C0020443,C0028643
C0020443,C0235710
C0020443,C0392680
C0020443,C0520887
C0020443,C0233481
C0020443,C0520888
C0020443,C0428977
C0020443,C0013404
C0021311,C0015967
C0021311,C0041834
C0021311,C0029053
C0021311,C0019214
C0021311,C0085593
C0021311,C0033774
C0021311,C0011991
C0021311,C0549483
C0021311,C0038999
C0021311,C0030193
C0021311,C0277797
C0021311,C0010200
C0042029,C0015967
C0042029,C0013428
C0042029,C0018965
C0042029,C0235634
C0042029,C0023380
C0042029,C0004093
C0042029,C0020625
C0042029,C0578150
C0042029,C0476273
C0042029,C0241705
C0042029,C0856054
C0042029,C0239110
C0002871,C0085593
C0002871,C0744492
C0002871,C0746619
C0002871,C0013491
C0002871,C1269955
C0002871,C0019080
C0002871,C0030232
C0002871,C0004093
C0002871,C0015672
C0002871,C0744740
C0002871,C0004604
C0002871,C0149746
C0002871,C0020625
C0002871,C0012833
C0002871,C0392680
C0002871,C0030193
C0002871,C0035508
C0002871,C0003862
C0002871,C0038999
C0002871,C1096646
C0024117,C0392680
C0024117,C0043144
C0024117,C0010200
C0024117,C0013404
C0024117,C0476273
C0024117,C0241235
C0024117,C0700292
C0024117,C0020440
C0024117,C0376405
C0024117,C0232292
C0497327,C0015967
C0497327,C0085639
C0497327,C0241526
C0497327,C0023380
C0497327,C0085631
C0497327,C0013491
C0497327,C0039070
C0497327,C0034642
C0497327,C0041657
C0497327,C0010200
C0497327,C0425251
C0497327,C0030193
C0497327,C0427055
C0497327,C0232498
C0497327,C0035508
C0497327,C1273573
C0497327,C0233762
C1565489,C0392680
C1565489,C0020461
C1565489,C0085619
C1565489,C0034642
C1565489,C0085606
C1565489,C0003962
C1565489,C0744492
C1565489,C0004093
C1565489,C0277797
C1565489,C0856054
C1565489,C0013404
C1565489,C1299586
C1565489,C0011991
C1565489,C0020649
C1565489,C0238844
C1565489,C0038999
C1565489,C0086439
C0009676,C0036572
C0009676,C0014394
C0009676,C0023380
C0009676,C0234518
C0009676,C0085639
C0009676,C0239110
C0009676,C0856054
C0009676,C0232766
C0009676,C0041657
C0009676,C0085631
C0009676,C0231530
C0009676,C0004093
C0009676,C0234450
C0009676,C0012833
C0009676,C0018681
C0009676,C0013362
C0009676,C0220870
C0009676,C0040822
C0009676,C0020625
C0009676,C0241526
C0029408,C0030193
C0029408,C0149696
C0029408,C0239832
C0029408,C0858924
C0029408,C0013144
C0029408,C0004093
C0029408,C0337672
C0029408,C0850149
C0029408,C0085602
C0029408,C0427008
C0029408,C1273573
C0020676,C0392680
C0020676,C0242453
C0020676,C0013144
C0020676,C0020625
C0020676,C0085639
C0020676,C1273573
C0020676,C0032617
C0020676,C0020649
C0020676,C1299586
C0020676,C0039070
C0020676,C0028084
C0020676,C0234518
C0020676,C0043094
C0020676,C0004093
C0020676,C0015672
C0020676,C0085631
C0020676,C0856054
C0020676,C0424230
C0020676,C0042963
C0020676,C0028643
C0020676,C0577559
C0700613,C0233481
C0700613,C0424000
C0700613,C0438696
C0700613,C0917801
C0700613,C0150041
C0700613,C0022107
C0700613,C0040822
C0700613,C0312422
C0700613,C0424109
C0700613,C0557075
C0700613,C0027769
C0700613,C0233763
C0700613,C0016579
C0700613,C1299586
C0700613,C0008031
C0700613,C0376405
C0700613,C0085631
C0700613,C0030252
C0700613,C0233762
C0700613,C0344315
C0700613,C0600142
C0700613,C0030193
C0700613,C0239110
C0700613,C0028084
C0006826,C0030193
C0006826,C0577559
C0006826,C0221198
C0006826,C0332601
C0006826,C0743482
C0006826,C0043096
C0006826,C0003962
C0006826,C0019825
C0006826,C0205400
C0006826,C0018965
C0001175,C0015967
C0001175,C0028081
C0001175,C0233308
C0001175,C0010200
C0001175,C0032739
C0001175,C0043096
C0001175,C0085593
C0001175,C0011991
C0001175,C0008033
C0001175,C0376405
C0001175,C0231835
C0001175,C0239134
C0001175,C0026827
C0001175,C0424000
C0007642,C0041834
C0007642,C0030193
C0007642,C0038999
C0007642,C0332575
C0007642,C0015967
C0007642,C0549483
C0007642,C0376405
C0007642,C0020580
C0007642,C0034880
C0007642,C0033774
C0007642,C0008031
C0007642,C1384489
C0007642,C0085593
C0007642,C0234233
C0017168,C0030193
C0017168,C0008031
C0017168,C0085624
C0017168,C0020625
C0017168,C0239233
C0017168,C1444773
C0017168,C0232292
C0017168,C0234215
C0017168,C1305739
C0017168,C0027497
C0017168,C0858924
C0017168,C0009806
C0017168,C0030252
C0017168,C0000737
C0017168,C0018834
C0017168,C0038990
C0017168,C0004093
C0036690,C0015967
C0036690,C0476273
C0036690,C0020649
C0036690,C0231835
C0036690,C0085593
C0036690,C0023380
C0036690,C0428977
C0036690,C0006157
C0036690,C0010520
C0036690,C0233308
C0036690,C0019080
C0036690,C0241526
C0036690,C0034642
C0036690,C0277797
C0149871,C0038999
C0149871,C0030193
C0149871,C0013491
C0149871,C0392680
C0149871,C0023222
C0149871,C0018800
C0149871,C0034642
C0149871,C0041834
C0149871,C0020649
C0149871,C0009024
C0149871,C0850149
C0149871,C0332575
C0011175,C0015967
C0011175,C0011991
C0011175,C0042963
C0011175,C0020649
C0011175,C0027497
C0011175,C0220870
C0011175,C0857256
C0011175,C0856054
C0011175,C0003123
C0011175,C0004093
C0011175,C0234215
C0011175,C0039070
C0011175,C0023380
C0011175,C0012833
C0011175,C0039070
C0027651,C0577559
C0027651,C0221198
C0027651,C0008031
C0027651,C0018965
C0027651,C1269955
C0027651,C0030193
C0027651,C0003126
C0027651,C0205400
C0027651,C1513183
C0027651,C0149696
C0027651,C0043096
C0027651,C0028081
C0027651,C0271202
C0027651,C0239233
C0027651,C0000737
C0027651,C0018681
C0034065,C0392680
C0034065,C0700292
C0034065,C0231835
C0034065,C0744727
C0034065,C0008031
C0034065,C0013404
C0034065,C0008033
C0034065,C0151315
C0034065,C0457096
C0034065,C0239134
C0034065,C0008767
C0034065,C0241526
C0034065,C0476273
C0034065,C0043144
C0034065,C0277797
C0034065,C0850149
C0014544,C0036572
C0014544,C0347938
C0014544,C0236018
C0014544,C0231530
C0014544,C0013144
C0014544,C0040822
C0014544,C0241526
C0014544,C0018991
C0014544,C0027066
C0014544,C0232517
C0014544,C0234450
C0014544,C0023380
C0014544,C0558195
C0878544,C0392680
C0878544,C0085619
C0878544,C0086439
C0878544,C0240100
C0878544,C0030252
C0878544,C0008031
C0878544,C0039070
C0878544,C0457096
C0878544,C0034642
C0878544,C0013404
C0878544,C0231807
C0878544,C0238705
C0878544,C0015672
C0878544,C0043094
C0878544,C0376405
C0022661,C0042963
C0022661,C0085619
C0022661,C0020461
C0022661,C0028961
C0022661,C0240100
C0022661,C0027497
C0022661,C0392680
C0022661,C0856054
C0022661,C0011991
C0022661,C0004093
C0022661,C0232292
C0022661,C0231218
C0022661,C0085593
C0022661,C0034642
C0022661,C0015967
C0022661,C0008033
C0022661,C0277797
C0022661,C0744492
C0022661,C0038999
C0022661,C0007398
C0022661,C0241526
C0022661,C0457096
C0007097,C0577559
C0007097,C0030193
C0007097,C0221198
C0007097,C1269955
C0007097,C0205400
C0007097,C0043096
C0007097,C0019825
C0007097,C0858924
C0007097,C1513183
C0007097,C0850149
C0007097,C0009806
C0007097,C0847488
C0007097,C0030554
C0007097,C0232995
C0007097,C0011991
C0007097,C0234233
C0007097,C0018834
C0007097,C0027497
C0007097,C0034079
C0019196,C0003962
C0019196,C0000731
C0019196,C0424000
C0019196,C0010200
C0019196,C0234238
C0019196,C0558143
C0019196,C0581912
C0019196,C0233762
C0019196,C0085593
C0019196,C0232766
C0019196,C0376405
C0085096,C0392680
C0085096,C0234253
C0085096,C0002962
C0085096,C0241526
C0085096,C0020461
C0085096,C0232201
C0085096,C0553668
C0085096,C0013404
C0085096,C0234233
C0085096,C0003123
C0085096,C0234450
C0033975,C0438696
C0033975,C0233762
C0033975,C0424000
C0033975,C0233763
C0033975,C0424230
C0033975,C0312422
C0033975,C0424068
C0033975,C0150041
C0033975,C0022107
C0033975,C0085631
C0033975,C0040822
C0033975,C0007398
C0033975,C0424109
C0033975,C0237154
C0033975,C0917801
C0033975,C0424092
C0033975,C0455769
C0033975,C0728899
C0033975,C0233481
C0033975,C0424295
C0033975,C0376405
C0033975,C0344315
C0033975,C0558261
C0033975,C0028084
C0033975,C0239110
C0020473,C0008031
C0020473,C0002962
C0020473,C0030252
C0020473,C1305739
C0020473,C0085635
C0020473,C0038990
C0020473,C0235710
C0020473,C0392680
C0020473,C0392701
C0020473,C0086439
C0020473,C0018991
C0020473,C0012833
C0005586,C0424000
C0005586,C0455769
C0005586,C0438696
C0005586,C0022107
C0005586,C0085631
C0005586,C0557075
C0005586,C0578859
C0005586,C0233762
C0005586,C0424068
C0005586,C0424109
C0005586,C0424295
C0005586,C0007398
C0005586,C0150041
C0005586,C0233481
C0005586,C0917801
C0005586,C0917799
C0005586,C1299586
C0005586,C0233763
C0005586,C0020458
C0005586,C0026961
C0005586,C0234133
C0005586,C0240233
C0005586,C0728899
C0005586,C0424230
C0005586,C0237154
C0005586,C0312422
C0005586,C0040822
C0005586,C0392674
C0028754,C0030193
C0028754,C0007398
C0028754,C0037384
C0028754,C0008031
C0028754,C0429091
C0028754,C0557075
C0028754,C0392680
C0028754,C0015672
C0028754,C0497406
C0028754,C0232257
C0028754,C0344315
C0028754,C0013491
C0022116,C0013144
C0022116,C0008031
C0022116,C0002962
C0022116,C0438716
C0022116,C0235710
C0022116,C0392680
C0022116,C0013404
C0022116,C0232201
C0022116,C0428977
C0022116,C0038990
C0022116,C0034642
C0022116,C0231221
C0022116,C0003123
C1623038,C0003962
C1623038,C0085639
C1623038,C0038002
C1623038,C0033774
C1623038,C0000737
C1623038,C1269955
C1623038,C0000731
C1623038,C0221198
C1623038,C0578150
C1623038,C0744492
C1623038,C0234233
C1623038,C0151706
C0015230,C0015967
C0015230,C0033774
C0015230,C0332573
C0015230,C0221198
C0015230,C0332575
C0015230,C0018681
C0015230,C0277797
C0015230,C0003862
C0015230,C0038999
C0015230,C0041834
C0015230,C0085636
C0015230,C0085593
C0015230,C1384489
C0015230,C0030193
C0015230,C0221150
C0005001,C0856054
C0005001,C0006625
C0005001,C0312422
C0005001,C0149746
C0005001,C0085619
C0005001,C0028081
C0005001,C0476273
C0005001,C0003123
C0005001,C0013362
C0022660,C0020461
C0022660,C0020649
C0022660,C0020598
C0022660,C0028961
C0022660,C0578150
C0022660,C0004093
C0022660,C0020672
C0022660,C0011991
C0022660,C0019080
C0022660,C0241526
C0026266,C0392680
C0026266,C0231807
C0026266,C0231221
C0026266,C0086439
C0026266,C0013404
C0026266,C0039070
C0026266,C0205400
C0026266,C0238705
C0026266,C0030252
C0026266,C0015672
C0026266,C0042963
C0026266,C0030193
C0026266,C0018800
C0026266,C0235710
C0003864,C0030193
C0003864,C0578150
C0003864,C0917801
C0003864,C0004093
C0003864,C0039070
C0003864,C0038999
C0003864,C0741302
C0003864,C0427108
C0003864,C0392680
C0003864,C0000731
C0006277,C0010200
C0006277,C0043144
C0006277,C0392680
C0006277,C0232292
C0006277,C0015967
C0006277,C0242429
C0006277,C0239134
C0006277,C0019214
C0006277,C0028081
C0006277,C0019079
C0006277,C0553668
C0006277,C1260880
C0006277,C0239133
C0006277,C0013404
C0006277,C0085593
C0006277,C0038450
C0006277,C0043096
C0018989,C0013362
C0018989,C0030552
C0018989,C0004093
C0018989,C0221470
C0018989,C0036572
C0018989,C0234518
C0018989,C0751495
C0018989,C0018991
C0018989,C0423571
C0018989,C0241526
C0018989,C0085628
C0018989,C0013144
C0018989,C0231890
C0018989,C0271276
C0018989,C0677500
C0018989,C0522224
C0018989,C0009024
C0018989,C0427055
C0029456,C0242453
C0029456,C0085639
C0029456,C0019572
C0029456,C0558361
C0029456,C0000731
C0029456,C0042571
C0029456,C0239832
C0029456,C0233565
C0029456,C0030193
C0029456,C0039070
C0029456,C0848168
C0029456,C0277797
C0029456,C0150045
C0029456,C0220870
C0007787,C0234518
C0007787,C0013362
C0007787,C0427055
C0007787,C0004093
C0007787,C0151315
C0007787,C0042571
C0007787,C0028643
C0007787,C0220870
C0007787,C0234133
C0007787,C0271276
C0007787,C0344232
C0007787,C0018681
C0007787,C0848277
C0007787,C0039070
C0007787,C1299586
C0007787,C0423982
C0007787,C0233844
C0001418,C0577559
C0001418,C0221198
C0001418,C0043096
C0001418,C0009806
C0001418,C0231890
C0001418,C0278014
C0001418,C0239233
C0001418,C0018932
C0001418,C0231872
C0001418,C0030193
C0001418,C0008767
C0001418,C0000737
C1456784,C0233762
C1456784,C0233763
C1456784,C0085631
C1456784,C0022107
C1456784,C0424068
C1456784,C0424000
C1456784,C0438696
C1456784,C0558261
C1456784,C0233647
C1456784,C0237154
C1456784,C0455769
C1456784,C0344315
C1456784,C0231187
C1456784,C0008767
C1456784,C0312422
C1456784,C0240233
C0030305,C0042963
C0030305,C0000737
C0030305,C0027497
C0030305,C0030193
C0030305,C0011991
C0030305,C0241252
C0030305,C0424790
C0030305,C0277797
C0030305,C0234233
C0021167,C0221166
C0021167,C0036572
C0021167,C0004093
C0021167,C0150045
C0021167,C0041657
C0021167,C0236018
C0021167,C0554980
C0021167,C0877040
C0021167,C0040822
C0021167,C0037763
C0021167,C0847488
C0021167,C0039070
C0021167,C0085639
C0021167,C0427008
C0021167,C0241526
C0013405,C0085619
C0013405,C0392680
C0013405,C0231807
C0013405,C0240100
C0013405,C0034642
C0013405,C0008031
C0013405,C0030252
C0013405,C0038990
C0013405,C0043094
C0013405,C0010200
C0013405,C0013404
C0019270,C0000737
C0019270,C0030193
C0019270,C0020578
C0019270,C0278141
C0019270,C0016927
C0019270,C0027497
C0019270,C0872410
C0019270,C0018991
C0019270,C0234233
C0019270,C0019080
C0019270,C0277797
C0019270,C0149696
C0019270,C0277899
C0019270,C0004093
C0019270,C0577559
C0019270,C0205400
C0376358,C0018965
C0376358,C0392699
C0376358,C0004093
C0376358,C0521516
C0376358,C0848621
C0376358,C0008033
C0376358,C0744492
C0376358,C0034642
C0376358,C0238844
C0376358,C0150045
C0376358,C0013428
C0376358,C0011991
C0376358,C0042571
C0376358,C0151878
C0376358,C0004134
C0376358,C0030552
C0376358,C0271202
C0376358,C1269955
C0376358,C0578150
C0376358,C0577559
C0376358,C0035508
C0376358,C0149746
C0376358,C0043096
C0034063,C0085606
C0034063,C0392680
C0034063,C0034642
C0034063,C0231835
C0034063,C0085619
C0034063,C0018862
C0034063,C0240100
C0034063,C0013404
C0034063,C0038990
C0034063,C0376405
C0034063,C0235710
C0034063,C0020461
C0034063,C0232201
C0034063,C0008031
C0034063,C0020649
C0034063,C0043144
C0024228,C0030193
C0024228,C0577559
C0024228,C0028081
C0024228,C0038002
C0024228,C0221198
C0024228,C0085593
C0024228,C0043096
C0024228,C0038999
C0024228,C0015967
C0024228,C0034880
C0024228,C0231890
C0024228,C0850149
C0024228,C0231872
C0024228,C0332575
C0024228,C0019209
C0024228,C0015672
C0003507,C0231807
C0003507,C0039070
C0003507,C0235710
C0003507,C0232257
C0003507,C0036396
C0003507,C0002962
C0003507,C0008031
C0003507,C0577979
C0003507,C0428977
C0003507,C0392680
C0003507,C0030193
C0006142,C0024103
C0006142,C0577559
C0006142,C0030554
C0006142,C0277845
C0006142,C0041834
C0006142,C1299586
C0006142,C0221198
C0006142,C0239301
C0006142,C0085624
C0006142,C0013404
C0006142,C0038999
C0006142,C0016579
C0036341,C0233762
C0036341,C0751229
C0036341,C0022107
C0036341,C0424068
C0036341,C0376405
C0036341,C0085631
C0036341,C0438696
C0036341,C0233481
C0036341,C0233763
C0036341,C0041667
C0036341,C0237154
C0012813,C0000737
C0012813,C0549483
C0012813,C0541911
C0012813,C0857199
C0012813,C0011991
C0012813,C0234233
C0012813,C0013428
C0012813,C0030193
C0012813,C0042963
C0012813,C0232201
C0012813,C0232488
C0012813,C0277797
C0012813,C0232498
C0012813,C0015967
C0012813,C1273573
C0012813,C0205400
C0012813,C0085606
C0012813,C0003123
C0012813,C0746619
C0012813,C0009806
C0546817,C0034642
C0546817,C0240100
C0546817,C0020461
C0546817,C0085619
C0546817,C0392680
C0546817,C0013144
C0546817,C0043094
C0546817,C0020621
C0546817,C0020649
C0546817,C0038999
C0546817,C0000731
C0030920,C0000737
C0030920,C0221166
C0030920,C0027497
C0030920,C0042963
C0030920,C0521516
C0030920,C0848168
C0030920,C0008031
C0030920,C0018991
C0030920,C0232517
C0030920,C0020175
C0030920,C0277797
C0030920,C0027769
C0029443,C0030193
C0029443,C0332575
C0029443,C0240813
C0029443,C0015967
C0029443,C0241705
C0029443,C0234233
C0029443,C0038999
C0029443,C0277797
C0029443,C0041834
C0029443,C0549483
C0029443,C0016512
C0029443,C0152032
C0017152,C0744740
C0017152,C0000737
C0017152,C0042963
C0017152,C0281825
C0017152,C0027497
C0017152,C0728899
C0017152,C0019080
C0017152,C0744492
C0017152,C0030193
C0017152,C0043096
C0017152,C0234233
C0017152,C0012833
C0004610,C0015967
C0004610,C0085593
C0004610,C0016382
C0004610,C0241526
C0004610,C0085632
C0004610,C1313921
C0004610,C0042963
C0004610,C0000731
C0004610,C0239981
C0004610,C0241157
C0004610,C0242453
C0004610,C0011991
C0004610,C0232498
C0004610,C0008033
C0004610,C0029053
C0004610,C0030232
C0035078,C0085619
C0035078,C0028961
C0035078,C0232854
C0035078,C0277794
C0035078,C0241526
C0035078,C0020649
C0035078,C0014394
C0035078,C0392680
C0035078,C0019080
C0035078,C0242453
C0035078,C0442739
C0035078,C0425251
C0035078,C0015672
C0002895,C1135120
C0002895,C0004604
C0002895,C0030193
C0002895,C0392680
C0002895,C1260880
C0002895,C0008031
C0002895,C0000737
C0002895,C0019214
C0002895,C0457097
C0002895,C0277797
C0002895,C0018681
C0018801,C0085619
C0018801,C0015672
C0018801,C0231807
C0018801,C0013404
C0018801,C0392680
C0018801,C0232258
C0018801,C0240100
C0018801,C0694547
C0018801,C0020649
C0018801,C0002962
C0018801,C0086439
C0041912,C0010200
C0041912,C0242429
C0041912,C0043144
C0041912,C0392680
C0041912,C0553668
C0041912,C0015967
C0041912,C0848340
C0041912,C0850149
C0041912,C1260880
C0041912,C0085632
C0041912,C0231872
C0041912,C0234866
C0041912,C0521516
C0041912,C0008033
C0041912,C0028081
C0041912,C0013404
C0041912,C0239134
C0041912,C0029053
C0041912,C0035508
C0041912,C0425488
C0041912,C0277797
C0041912,C0237304
C0041912,C0264273
C0041912,C0743482
C0041912,C0871754
C0041912,C1511606
C0041912,C0436331
C0041912,C0578150
C0019158,C0003962
C0019158,C0233308
C0019158,C0231835
C0019158,C0000737
C0019158,C0033774
C0019158,C0003123
C0019158,C1096646
C0019158,C0221151
C0019158,C0085593
C0019158,C0476273
C0019158,C0015967
C0019158,C0042963
C0020542,C0392680
C0020542,C0271276
C0020542,C0581911
C0020542,C0238844
C0020542,C0151315
C0020542,C0231807
C0020542,C0010520
C0020542,C0020649
C0020542,C0238705
C0011168,C0030554
C0011168,C0231690
C0011168,C0013362
C0011168,C0221150
C0011168,C0019825
C0011168,C0038450
C0011168,C0037763
C0011168,C0004093
C0011168,C0234979
C0011168,C0004134
C0011168,C1321756
C0011168,C0043096
C0011168,C0427008
C0011168,C0221198
C0011168,C0748706
C0018099,C0600142
C0018099,C0030193
C0018099,C0332575
C0018099,C0038999
C0018099,C0041834
C0018099,C0743482
C0018099,C0234233
C0018099,C0086439
C0018099,C0003962
C0018099,C0376405
C0040034,C0013491
C0040034,C0085702
C0040034,C0032781
C0040034,C0019080
C0040034,C0231835
C0040034,C0015967
C0040034,C0033774
C0040034,C0020649
C0040034,C0015672
C0020615,C0241526
C0020615,C0020672
C0020615,C0542044
C0020615,C0151878
C0020615,C0311395
C0020615,C0041657
C0020615,C0392162
C0020615,C0032617
C0020615,C0476273
C0020615,C0020649
C0032290,C0264576
C0032290,C0015967
C0032290,C0009024
C0032290,C0856054
C0032290,C0029053
C0032290,C0241526
C0032290,C0277794
C0032290,C0085628
C0032290,C0036572
C0032290,C1096646
C0032290,C0018991
C0032290,C0010200
C0032290,C0232517
C0032290,C0030193
C0032290,C0011991
C0032290,C0000737
C0009319,C0015967
C0009319,C0205400
C0009319,C0457097
C0009319,C0042963
C0009319,C0027498
C0009319,C0541798
C0009319,C0030193
C0009319,C0027497
C0009319,C0085593
C0009319,C0232726
C0009319,C0150045
C0009319,C0000737
C0009319,C0578150
C1510475,C1167754
C1510475,C0009806
C1510475,C0549483
C1510475,C0744740
C1510475,C0220870
C1510475,C0011991
C1510475,C0019080
C1510475,C0030193
C1510475,C0221151
C1510475,C0232894
C1510475,C1511606
C1510475,C0003123
C1510475,C0027497
C1510475,C0424000
C1510475,C0150041
C0038663,C0233762
C0038663,C0917801
C0038663,C0438696
C0038663,C0424230
C0038663,C0424109
C0038663,C0235198
C0038663,C0234544
C0038663,C0233481
C0038663,C0015672
C0038663,C0040822
C0038663,C0740880
C0038663,C0085631
C0038663,C0241526
C0038663,C0312422
C0038663,C0424092
C0038663,C1299586
C0038663,C0022107
C0038663,C0234215
C0038663,C0013144
C0038663,C0016579
C0038663,C0041657
C0038663,C0015967
C0038663,C0010200
C0032305,C0457096
C0032305,C0006625
C0032305,C0085593
C0032305,C0043096
C0032305,C0239134
C0032305,C0231528
C0032305,C0011991
C0032305,C0151315
C0032305,C0239133
C0032305,C1384606
C0032305,C0020621
C0032305,C0231807
C0032305,C0149758
C0032305,C1096646
C0032305,C0850149
C0032305,C0018681
C0032305,C0857516
C0032305,C0233308
C0019163,C0233467
C0019163,C0231835
C0019163,C0457096
C0019163,C0221151
C0019163,C0576456
C0019163,C0000737
C0019163,C0232498
C0019163,C0558195
C0019163,C0859032
C0030567,C1321756
C0030567,C0085639
C0030567,C0427008
C0030567,C0424092
C0030567,C0085631
C0030567,C0018991
C0030567,C1299586
C0030567,C0241526
C0030567,C0039070
C0030567,C0427055
C0030567,C0149746
C0030567,C0233481
C0030567,C0013144
C0030567,C0018965
C0030567,C0040822
C0030567,C0028081
C0030567,C0577559
C0024299,C0221198
C0024299,C0015967
C0024299,C0221232
C0024299,C1096646
C0024299,C0043096
C0024299,C0004134
C0024299,C0040264
C0024299,C0020303
C0024299,C0429562
C0024299,C0019079
C0024299,C0015672
C0024299,C0085602
C0024299,C0241705
C0020456,C0234233
C0020456,C0033774
C0020456,C0235129
C0020456,C0241157
C0020456,C0332601
C0020456,C0043096
C0020456,C0344315
C0020456,C0239301
C0020456,C0043144
C0020456,C0003962
C0020456,C0036572
C0085584,C0242143
C0085584,C0232766
C0085584,C0019080
C0085584,C0013144
C0085584,C0424530
C0085584,C0872410
C0085584,C0236018
C0085584,C0270844
C0085584,C0742985
C0085584,C0239110
C0085584,C0241526
C0085584,C0205400
C0085584,C0086439
C0040961,C0392680
C0040961,C0030193
C0040961,C0042963
C0040961,C0027497
C0040961,C0428977
C0040961,C0000737
C0040961,C0015967
C0040961,C0008767
C0040961,C0264576
C0040961,C0338656
C0002395,C0013132
C0002395,C0085631
C0002395,C0028084
C0002395,C0035508
C0002395,C0239110
C0002395,C0235231
C0002395,C0425251
C0002395,C0871754
C0002395,C0234379
C0002395,C0020461
C0002395,C0427055
C0002395,C0541992
C0002395,C0231530
C0002395,C0558195
C0002395,C0040822
C0002395,C0010200
C0002395,C0015967
C0006840,C0011991
C0006840,C0242429
C0006840,C0043096
C0006840,C0085593
C0006840,C0018681
C0006840,C0232498
C0006840,C0376405
C0006840,C0085636
C0006840,C0028081
C0006840,C0221150
C0006840,C0149758
C0006840,C1096646
C0006840,C0850149
C0006840,C0559546
C0006840,C1291077
C0442874,C0004093
C0442874,C0028643
C0442874,C0027498
C0442874,C0541798
C0442874,C0020303
C0442874,C0429562
C0442874,C0231230
C0442874,C0232726
C0442874,C0030193
C0442874,C0232854
C0022658,C0392680
C0022658,C0020461
C0022658,C0008031
C0022658,C0015967
C0022658,C0232995
C0022658,C0151706
C0023267,C0233071
C0023267,C0019080
C0023267,C0156543
C0023267,C0232943
C0023267,C0026827
C0023267,C0232997
C0023267,C0392680
C0023267,C0015967
C0023267,C0018834
C0023267,C0860096
C0023267,C0702118
C0023267,C1405524
C0017601,C0085639
C0017601,C0000731
C0017601,C1273573
C0017601,C0030554
C0017601,C0020625
C0017601,C0085631
C0017601,C0041657
C0017601,C0085624
C0017601,C0221198
C0017601,C0577559
C0027627,C0205400
C0027627,C1269955
C0027627,C1513183
C0027627,C0007859
C0027627,C0034079
C0027627,C0030193
C0027627,C0000737
C0027627,C0149696
C0027627,C0577559
C0027627,C0741302
C0007102,C0221198
C0007102,C0242453
C0007102,C0009806
C0007102,C0858924
C0007102,C0011991
C0007102,C0000737
C0007102,C0152032
C0007102,C0857087
C0007102,C0278146
C0007102,C0428977
C0007102,C0042963
C0007102,C0694547
C0007102,C0027497
C0007102,C0235250
C0007102,C0085602
C0011880,C0032617
C0011880,C0042963
C0011880,C0027497
C0011880,C0000737
C0011880,C0443260
C0011880,C0235129
C0011880,C0232517
C0011880,C0027769
C0011880,C0232498
C0011880,C0232605
C0011880,C0344232
C0011880,C0152032
C0011880,C0011991
C0011880,C0036572
C0011880,C0236018
C0014549,C0013144
C0014549,C0542073
C0014549,C0027066
C0014549,C0040822
C0014549,C0751466
C0014549,C0522336
C0014549,C0234450
C0014549,C0019572
C0014549,C0554980
C0014549,C0231530
C0014549,C0241526
C0014549,C0018681
C0014549,C0002416
C0014549,C0424530
C0014549,C0037763
C0014549,C0043096
C0014549,C1269955
C0006826,C0232118
C0006826,C1291692
C0006826,C0577559
C0006826,C0221198
C0006826,C0018834
C0006826,C0028081
C0006826,C0205400
C0006826,C0085593
C0006826,C0029053
C0006826,C0000737
C0006826,C0541911
C0006826,C0149696
C0006826,C0476273
C0006826,C0020649
C1145670,C0018991
C1145670,C0037384
C1145670,C0241526
C1145670,C0239134
C1145670,C0013404
C1145670,C0231835
C1145670,C0020461
C1145670,C0086439
C1145670,C0232201
C1145670,C0427108
C1145670,C0006318
C1145670,C0239110
C1145670,C0392680
C1145670,C0221198
C1145670,C0332575
C0025202,C0577559
C0025202,C0221166
C0025202,C0015967
C0025202,C0232995
C0025202,C0030193
C0025202,C0033774
C0025202,C0024103
C0025202,C0042963
C0025202,C0011991
C0017160,C0000737
C0017160,C0476287
C0017160,C0027497
C0017160,C0043096
C0017160,C0234233
C0017160,C0240962
C0017160,C0015967
C0017160,C0231528
C0017160,C0020625
C0017160,C0232602
C0017160,C0577559
C0017160,C0043096
C0242379,C0221198
C0242379,C0010200
C0242379,C0034079
C0242379,C0392680
C0242379,C0019079
C0242379,C0742985
C0242379,C0232517
C0242379,C0234238
C0242379,C0034642
C0242379,C0028081
C0242379,C0029053
C0242379,C0004093
C0242379,C1513183
C0242379,C0085631
C0242379,C0022107
C0024713,C0455769
C0024713,C0438696
C0024713,C0917799
C0024713,C0424000
C0024713,C0948786
C0024713,C0233762
C0024713,C0233763
C0024713,C0233492
C0024713,C0424068
C0024713,C0150041
C0024713,C1299586
C0024713,C0231187
C0024713,C0558089
C0024713,C0438696
C0024713,C0424000
C0031212,C0028084
C0031212,C0150041
C0031212,C0558141
C0031212,C0233762
C0031212,C0022107
C0031212,C0917801
C0031212,C0085631
C0031212,C0424109
C0031212,C0344315
C0031212,C1384489
C0031212,C0027498
C0031212,C0277794
C0031212,C0748706
C0031212,C0233481
C0031212,C0014394
C0031212,C0237154
C0031212,C0027769
C0031212,C0003962
C0031212,C0033774
C0019204,C0577559
C0019204,C0038002
C0019204,C0221198
C0019204,C0030552
C0019204,C1269955
C0019204,C0848277
C0019204,C0019080
C0019204,C0205400
C0019204,C0085632
C0019204,C0006625
C0019204,C0020672
C0019204,C0000737
C0019204,C0019209
C0019204,C0744727
C0019204,C0085628
C0019204,C0043096
C0019204,C0392680
C0019204,C0010200
C0034067,C0474395
C0034067,C0241158
C0034067,C0231807
C0034067,C0520966
C0034067,C0231528
C0034067,C0020440
C0034067,C0392162
C0034067,C0557075
C0034067,C0848277
C0034067,C0859032
C0034067,C0028081
C0034067,C0006625
C0034067,C0436331
C0034067,C0013404
C0034067,C0034642
C0034067,C0016382
C0034067,C0221150
C0034067,C0003862
C0034067,C0008301
C0034067,C0232726
C0034067,C0009806
C0019112,C0019080
C0019112,C0232695
C0019112,C0278014
C0019112,C0027498
C0019112,C0020175
C0019112,C0011991
C0019112,C0012833
C0019112,C0020625
C0019112,C0009024
C0019112,C0030193
C0019112,C1321756
C0019112,C0085624
C0019112,C0744492
C0019112,C0239832
C0019112,C0043144
C0019112,C0010200
C0006266,C0392680
C0006266,C0241158
C0006266,C0277797
C0006266,C0262581
C0006266,C0030193
C0006266,C0239134
C0006266,C0242429
C0006266,C0013404
C0006266,C0232292
C0006266,C0700292
C0006266,C0231835
C0006266,C0234215
C0006266,C0015967
C0006266,C0042963
C0006266,C0035508
C0006266,C0018991
C0006266,C0231890
C0003537,C0009024
C0003537,C0231872
C0003537,C0427055
C0003537,C0221470
C0003537,C0231530
C0003537,C0522224
C0003537,C0024031
C0003537,C0277823
C0028756,C0848168
C0028756,C0205254
C0028756,C0002962
C0028756,C0010200
C0028756,C0847488
C0028756,C0553668
C0028756,C0020672
C0028756,C0013404
C0028756,C0744727
C0028756,C0043144
C0028756,C0700292
C0028756,C0235634
C0028756,C0424749
C0034186,C0015967
C0034186,C0030193
C0034186,C0085606
C0034186,C0018965
C0034186,C0042963
C0034186,C0085593
C0034186,C0011991
C0034186,C0027497
C0034186,C0000737
C0034186,C0231528
C0034186,C0015967
C0034186,C0085593
C0014118,C0008033
C0014118,C0205400
C0014118,C0231528
C0014118,C0277797
C0014118,C0028081
C0014118,C1517205
C0014118,C0392680
C0014118,C0085619
C0014118,C0549483
C0014118,C0020649
C0014118,C0010200
C0014118,C1513183
C0014118,C0238844
C0014118,C0043096
C0014118,C0043096
C0014118,C0232118
C0014118,C0086439
C0031039,C0232267
C0031039,C0013404
C0031039,C0392680
C0031039,C0578150
C0031039,C0018800
C0031039,C0020649
C0031039,C0241235
C0031039,C0427055
C0031039,C0030193
C0031039,C0028961
C0031039,C0312422
C0031039,C0728899
C0001973,C0040822
C0001973,C0233762
C0001973,C0438696
C0001973,C0424337
C0001973,C0022107
C0001973,C0150041
C0001973,C0424000
C0001973,C0233647
C0001973,C0036572
C0001973,C0237154
C0001973,C0917801
C0001973,C0041657
C0001973,C0030318
C0001973,C0238844
C0001973,C0392680
C0032326,C0013404
C0032326,C0425560
C0032326,C0019079
C0032326,C0010200
C0032326,C0020440
C0032326,C0037580
C0032326,C0242453
C0032326,C0085631
C0011206,C1273573
C0011206,C0424092
C0011206,C0020625
C0011206,C0558089
C0011206,C0424000
C0011206,C0241526
C0011206,C0233481
C0011206,C0013144
C0011206,C0233762
C0011206,C0438696
C0011206,C0015967
C0011206,C0011991
C0027947,C1096646
C0027947,C0038002
C0027947,C0028081
C0027947,C0277797
C0027947,C0221198
C0027947,C1260880
C0027947,C0085593
C0027947,C0010200
C0027947,C0746619
C0027947,C0020598
C0027947,C0028961
C0027947,C0427629
C0027947,C0476273
C0020433,C0010520
C0020433,C0231835
C0020433,C0233070
C0020433,C0428977
C0020433,C0006157
C0020433,C0332601
C0020433,C0010200
C0020433,C0231528
C0021400,C0242143
C0021400,C0015967
C0021400,C0008033
C0021400,C1260880
C0021400,C0242429
C0021400,C0231218
C0021400,C0742985
C0021400,C0436331
C0021400,C0085593
C0021400,C0240962
C0021400,C0277873
C0021400,C0013428
C0021400,C0542073
C0021400,C0018681
C0021400,C0037383
C0021400,C0037384
C0021400,C0457097
C0021400,C0392680
C0021400,C0476273
C0021400,C0312422
C0021400,C0277794
C0439857,C0728899
C0439857,C0040822
C0439857,C0085631
C0439857,C0438696
C0439857,C0237154
C0439857,C0242453
C0439857,C0023380
C0439857,C0036572
C0439857,C0231530
C0439857,C0848340
C0439857,C0150041
C0439857,C0581911
C0439857,C0034642
C0087086,C0086439
C0087086,C0003123
C0087086,C0235396
C0087086,C0392680
C0087086,C0239981
C0087086,C0033774
C0087086,C0234233
C0087086,C0578150
C0087086,C0427055
C0087086,C0042963
C0087086,C0241252
C0008325,C0859032
C0008325,C0027497
C0008325,C0000737
C0008325,C0277977
C0008325,C0016204
C0008325,C0232488
C0008325,C0030193
C0008325,C0003962
C0008325,C0011991
C0008325,C0151878
C0008325,C0425560
C0008325,C0541992
C0008325,C0232201
C0008325,C0425449
C0008325,C0009806
C0008325,C0474505
C0008325,C0702118
C0019291,C0000737
C0019291,C0231230
C0019291,C0240805
C0019291,C0042963
C0019291,C0027497
C0019291,C0231528
C0019291,C0020625
C0019291,C0234233
C0019291,C0858924
C0019291,C0231807
C0019291,C0232766
C0019291,C0744492
C0019291,C0239832
C0019291,C0018681
C0019291,C0085636
C0149931,C0002416
C0149931,C0042963
C0149931,C0012833
C0149931,C0028643
C0149931,C0027497
C0149931,C0015967
C0149931,C0038002
C0030312,C0020639
C0030312,C0015672
C0030312,C0019080
C0030312,C0231230
C0030312,C0332601
C0030312,C0241252
C0030312,C0232488
C0008350,C0042963
C0008350,C0027497
C0008350,C0000737
C0008350,C0030193
C0008350,C0332601
C0008350,C0003962
C0008350,C0205400
C0008350,C0234233
C0008350,C0011991
C0008350,C0277797
C0008350,C0030252
C0039239,C0238705
C0039239,C0038990
C0039239,C0556346
C0039239,C0438716
C0039239,C0241158
C0039239,C0425560
C0039239,C0149746
C0039239,C0392680
C0039239,C0520888
C0039239,C0042963
C0039239,C0000737
C1258215,C0549483
C1258215,C0000727
C1258215,C0740844
C1258215,C0425491
C1258215,C0232498
C1258215,C0027497
C1258215,C0234233
C1258215,C0016204
C1258215,C0011991
C1258215,C0577559
C1258215,C0277797
C1258215,C0009806
C1258215,C0205400
C1258215,C0232995
C1258215,C0000737
C0001511,C0016204
C0001511,C0030193
C0001511,C0456091
C0001511,C0233070
C0001511,C0042963
C0001511,C0034079
C0001511,C0006157
C0001511,C0392680
C0001511,C0043096
C0001511,C0231441
C0001511,C1273573
C0001511,C0233763
C0001511,C0424000
C0011253,C0240233
C0011253,C0392701
C0011253,C0150041
C0011253,C0085631
C0011253,C0233762
C0011253,C0022107
C0011253,C0917801
C0011253,C0233647
C0011253,C0455204
C0011253,C0578859
C0011253,C0233481
C0011253,C0231187
C0011253,C0558089
C0011253,C0007398
C0011253,C0438696
C0011253,C0558261
C0011253,C0312422
C0011253,C0424109
C0011253,C0338656
C0011253,C0022107
C0011253,C0085631
C0233472,C0277794
C0233472,C0917801
C0233472,C0014394
C0233472,C0376405
C0233472,C0150041
C0233472,C0233763
C0233472,C0425251
C0233472,C0242453
C0011127,C0232257
C0011127,C0871754
C0011127,C0015967
